Copyright 1986-2022 Xilinx, Inc. All Rights Reserved. Copyright 2022-2026 Advanced Micro Devices, Inc. All Rights Reserved.
---------------------------------------------------------------------------------------------------------------------------------------------------------------------------------------------------------------------------------------------------------------------
| Tool Version : Vivado v.2026.1 (win64) Build 6511674 Tue Jun 16 11:02:23 MDT 2026
| Date         : Fri Sep 18 17:22:39 2026
| Host         : HP_PAVILLION running 64-bit major release  (build 9200)
| Command      : report_timing_summary -max_paths 10 -routable_nets -report_unconstrained -file dsp_accelerator_top_timing_summary_routed.rpt -pb dsp_accelerator_top_timing_summary_routed.pb -rpx dsp_accelerator_top_timing_summary_routed.rpx -warn_on_violation
| Design       : dsp_accelerator_top
| Device       : 7a35t-cpg236
| Speed File   : -1  PRODUCTION 1.23 2018-06-13
| Design State : Routed
---------------------------------------------------------------------------------------------------------------------------------------------------------------------------------------------------------------------------------------------------------------------

Timing Summary Report

------------------------------------------------------------------------------------------------
| Timer Settings
| --------------
------------------------------------------------------------------------------------------------

  Enable Multi Corner Analysis               :  Yes
  Enable Pessimism Removal                   :  Yes
  Pessimism Removal Resolution               :  Nearest Common Node
  Enable Input Delay Default Clock           :  No
  Enable Preset / Clear Arcs                 :  No
  Disable Flight Delays                      :  No
  Ignore I/O Paths                           :  No
  Timing Early Launch at Borrowing Latches   :  No
  Borrow Time for Max Delay Exceptions       :  Yes
  Merge Timing Exceptions                    :  Yes
  Inter-SLR Compensation                     :  Conservative

  Corner  Analyze    Analyze    
  Name    Max Paths  Min Paths  
  ------  ---------  ---------  
  Slow    Yes        Yes        
  Fast    Yes        Yes        


------------------------------------------------------------------------------------------------
| Report Methodology
| ------------------
------------------------------------------------------------------------------------------------

Rule       Severity  Description                    Violations  
---------  --------  -----------------------------  ----------  
TIMING-18  Warning   Missing input or output delay  34          

Note: This report is based on the most recent report_methodology run and may not be up-to-date. Run report_methodology on the current design for the latest report.



check_timing report

Table of Contents
-----------------
1. checking no_clock (0)
2. checking constant_clock (0)
3. checking pulse_width_clock (0)
4. checking unconstrained_internal_endpoints (0)
5. checking no_input_delay (18)
6. checking no_output_delay (16)
7. checking multiple_clock (0)
8. checking generated_clocks (0)
9. checking loops (0)
10. checking partial_input_delay (0)
11. checking partial_output_delay (0)
12. checking latch_loops (0)

1. checking no_clock (0)
------------------------
 There are 0 register/latch pins with no clock.


2. checking constant_clock (0)
------------------------------
 There are 0 register/latch pins with constant_clock.


3. checking pulse_width_clock (0)
---------------------------------
 There are 0 register/latch pins which need pulse_width check


4. checking unconstrained_internal_endpoints (0)
------------------------------------------------
 There are 0 pins that are not constrained for maximum delay.

 There are 0 pins that are not constrained for maximum delay due to constant clock.


5. checking no_input_delay (18)
-------------------------------
 There are 18 input ports with no input delay specified. (HIGH)

 There are 0 input ports with no input delay but user has a false path constraint.


6. checking no_output_delay (16)
--------------------------------
 There are 16 ports with no output delay specified. (HIGH)

 There are 0 ports with no output delay but user has a false path constraint

 There are 0 ports with no output delay but with a timing clock defined on it or propagating through it


7. checking multiple_clock (0)
------------------------------
 There are 0 register/latch pins with multiple clocks.


8. checking generated_clocks (0)
--------------------------------
 There are 0 generated clocks that are not connected to a clock source.


9. checking loops (0)
---------------------
 There are 0 combinational loops in the design.


10. checking partial_input_delay (0)
------------------------------------
 There are 0 input ports with partial input delay specified.


11. checking partial_output_delay (0)
-------------------------------------
 There are 0 ports with partial output delay specified.


12. checking latch_loops (0)
----------------------------
 There are 0 combinational latch loops in the design through latch input



------------------------------------------------------------------------------------------------
| Design Timing Summary
| ---------------------
------------------------------------------------------------------------------------------------

    WNS(ns)      TNS(ns)  TNS Failing Endpoints  TNS Total Endpoints      WHS(ns)      THS(ns)  THS Failing Endpoints  THS Total Endpoints     WPWS(ns)     TPWS(ns)  TPWS Failing Endpoints  TPWS Total Endpoints  
    -------      -------  ---------------------  -------------------      -------      -------  ---------------------  -------------------     --------     --------  ----------------------  --------------------  
      8.691        0.000                      0                  330        0.411        0.000                      0                  330        7.845        0.000                       0                     5  


All user specified timing constraints are met.


------------------------------------------------------------------------------------------------
| Clock Summary
| -------------
------------------------------------------------------------------------------------------------

Clock        Waveform(ns)       Period(ns)      Frequency(MHz)
-----        ------------       ----------      --------------
sys_clk_pin  {0.000 5.000}      10.000          100.000         


------------------------------------------------------------------------------------------------
| Intra Clock Table
| -----------------
------------------------------------------------------------------------------------------------

Clock             WNS(ns)      TNS(ns)  TNS Failing Endpoints  TNS Total Endpoints      WHS(ns)      THS(ns)  THS Failing Endpoints  THS Total Endpoints     WPWS(ns)     TPWS(ns)  TPWS Failing Endpoints  TPWS Total Endpoints  
-----             -------      -------  ---------------------  -------------------      -------      -------  ---------------------  -------------------     --------     --------  ----------------------  --------------------  
sys_clk_pin         8.691        0.000                      0                  330        0.411        0.000                      0                  330        7.845        0.000                       0                     5  


------------------------------------------------------------------------------------------------
| Inter Clock Table
| -----------------
------------------------------------------------------------------------------------------------

From Clock    To Clock          WNS(ns)      TNS(ns)  TNS Failing Endpoints  TNS Total Endpoints      WHS(ns)      THS(ns)  THS Failing Endpoints  THS Total Endpoints  
----------    --------          -------      -------  ---------------------  -------------------      -------      -------  ---------------------  -------------------  


------------------------------------------------------------------------------------------------
| Other Path Groups Table
| -----------------------
------------------------------------------------------------------------------------------------

Path Group    From Clock    To Clock          WNS(ns)      TNS(ns)  TNS Failing Endpoints  TNS Total Endpoints      WHS(ns)      THS(ns)  THS Failing Endpoints  THS Total Endpoints  
----------    ----------    --------          -------      -------  ---------------------  -------------------      -------      -------  ---------------------  -------------------  


------------------------------------------------------------------------------------------------
| User Ignored Path Table
| -----------------------
------------------------------------------------------------------------------------------------

Path Group    From Clock    To Clock    
----------    ----------    --------    


------------------------------------------------------------------------------------------------
| Unconstrained Path Table
| ------------------------
------------------------------------------------------------------------------------------------

Path Group    From Clock    To Clock    
----------    ----------    --------    
(none)                                    
(none)        sys_clk_pin                 
(none)                      sys_clk_pin   


------------------------------------------------------------------------------------------------
| Timing Details
| --------------
------------------------------------------------------------------------------------------------


---------------------------------------------------------------------------------------------------
From Clock:  sys_clk_pin
  To Clock:  sys_clk_pin

Setup :            0  Failing Endpoints,  Worst Slack        8.691ns,  Total Violation        0.000ns
Hold  :            0  Failing Endpoints,  Worst Slack        0.411ns,  Total Violation        0.000ns
PW    :            0  Failing Endpoints,  Worst Slack        7.845ns,  Total Violation        0.000ns
---------------------------------------------------------------------------------------------------


Max Delay Paths
--------------------------------------------------------------------------------------
Slack (MET) :             8.691ns  (required time - arrival time)
  Source:                 u_fir_filter/product_7/CLK
                            (rising edge-triggered cell DSP48E1 clocked by sys_clk_pin  {rise@0.000ns fall@5.000ns period=10.000ns})
  Destination:            u_fir_filter/product_8/ACIN[0]
                            (rising edge-triggered cell DSP48E1 clocked by sys_clk_pin  {rise@0.000ns fall@5.000ns period=10.000ns})
  Path Group:             sys_clk_pin
  Path Type:              Setup (Max at Slow Process Corner)
  Requirement:            10.000ns  (sys_clk_pin rise@10.000ns - sys_clk_pin rise@0.000ns)
  Data Path Delay:        0.920ns  (logic 0.864ns (93.933%)  route 0.056ns (6.067%))
  Logic Levels:           0  
  Clock Path Skew:        -0.035ns (DCD - SCD + CPR)
    Destination Clock Delay (DCD):    4.867ns = ( 14.867 - 10.000 ) 
    Source Clock Delay      (SCD):    5.162ns
    Clock Pessimism Removal (CPR):    0.260ns
  Clock Uncertainty:      0.035ns  ((TSJ^2 + TIJ^2)^1/2 + DJ) / 2 + PE
    Total System Jitter     (TSJ):    0.071ns
    Total Input Jitter      (TIJ):    0.000ns
    Discrete Jitter          (DJ):    0.000ns
    Phase Error              (PE):    0.000ns

    Location             Delay type                Incr(ns)  Path(ns)    Netlist Resource(s)
  -------------------------------------------------------------------    -------------------
                         (clock sys_clk_pin rise edge)
                                                      0.000     0.000 r  <hidden>
    W5                                                0.000     0.000 r  clk
                         net (fo=0)                   0.000     0.000    clk
    W5                   IBUF (Prop_ibuf_I_O)         1.458     1.458 r  clk_IBUF_inst/O
                         net (fo=1, routed)           1.967     3.425    clk_IBUF
    BUFGCTRL_X0Y0        BUFG (Prop_bufg_I_O)         0.096     3.521 r  clk_IBUF_BUFG_inst/O
                         net (fo=14, routed)          1.641     5.162    u_fir_filter/clk_IBUF_BUFG
    DSP48_X0Y9           DSP48E1                                      r  u_fir_filter/product_7/CLK
  -------------------------------------------------------------------    -------------------
    DSP48_X0Y9           DSP48E1 (Prop_dsp48e1_CLK_ACOUT[0])
                                                      0.864     6.026 r  u_fir_filter/product_7/ACOUT[0]
                         net (fo=1, routed)           0.056     6.082    u_fir_filter/product_7_n_53
    DSP48_X0Y10          DSP48E1                                      r  u_fir_filter/product_8/ACIN[0]
  -------------------------------------------------------------------    -------------------

                         (clock sys_clk_pin rise edge)
                                                     10.000    10.000 r  <hidden>
    W5                                                0.000    10.000 r  clk
                         net (fo=0)                   0.000    10.000    clk
    W5                   IBUF (Prop_ibuf_I_O)         1.388    11.388 r  clk_IBUF_inst/O
                         net (fo=1, routed)           1.862    13.250    clk_IBUF
    BUFGCTRL_X0Y0        BUFG (Prop_bufg_I_O)         0.091    13.341 r  clk_IBUF_BUFG_inst/O
                         net (fo=14, routed)          1.526    14.867    u_fir_filter/clk_IBUF_BUFG
    DSP48_X0Y10          DSP48E1                                      r  u_fir_filter/product_8/CLK
                         clock pessimism              0.260    15.127    <hidden>
                         clock uncertainty           -0.035    15.091    <hidden>
    DSP48_X0Y10          DSP48E1 (Setup_dsp48e1_CLK_ACIN[0])
                                                     -0.319    14.772    u_fir_filter/product_8
  -------------------------------------------------------------------
                         required time                         14.772    <hidden>
                         arrival time                          -6.082    <hidden>
  -------------------------------------------------------------------
                         slack                                  8.691    <hidden>

Slack (MET) :             8.691ns  (required time - arrival time)
  Source:                 u_fir_filter/product_7/CLK
                            (rising edge-triggered cell DSP48E1 clocked by sys_clk_pin  {rise@0.000ns fall@5.000ns period=10.000ns})
  Destination:            u_fir_filter/product_8/ACIN[10]
                            (rising edge-triggered cell DSP48E1 clocked by sys_clk_pin  {rise@0.000ns fall@5.000ns period=10.000ns})
  Path Group:             sys_clk_pin
  Path Type:              Setup (Max at Slow Process Corner)
  Requirement:            10.000ns  (sys_clk_pin rise@10.000ns - sys_clk_pin rise@0.000ns)
  Data Path Delay:        0.920ns  (logic 0.864ns (93.933%)  route 0.056ns (6.067%))
  Logic Levels:           0  
  Clock Path Skew:        -0.035ns (DCD - SCD + CPR)
    Destination Clock Delay (DCD):    4.867ns = ( 14.867 - 10.000 ) 
    Source Clock Delay      (SCD):    5.162ns
    Clock Pessimism Removal (CPR):    0.260ns
  Clock Uncertainty:      0.035ns  ((TSJ^2 + TIJ^2)^1/2 + DJ) / 2 + PE
    Total System Jitter     (TSJ):    0.071ns
    Total Input Jitter      (TIJ):    0.000ns
    Discrete Jitter          (DJ):    0.000ns
    Phase Error              (PE):    0.000ns

    Location             Delay type                Incr(ns)  Path(ns)    Netlist Resource(s)
  -------------------------------------------------------------------    -------------------
                         (clock sys_clk_pin rise edge)
                                                      0.000     0.000 r  <hidden>
    W5                                                0.000     0.000 r  clk
                         net (fo=0)                   0.000     0.000    clk
    W5                   IBUF (Prop_ibuf_I_O)         1.458     1.458 r  clk_IBUF_inst/O
                         net (fo=1, routed)           1.967     3.425    clk_IBUF
    BUFGCTRL_X0Y0        BUFG (Prop_bufg_I_O)         0.096     3.521 r  clk_IBUF_BUFG_inst/O
                         net (fo=14, routed)          1.641     5.162    u_fir_filter/clk_IBUF_BUFG
    DSP48_X0Y9           DSP48E1                                      r  u_fir_filter/product_7/CLK
  -------------------------------------------------------------------    -------------------
    DSP48_X0Y9           DSP48E1 (Prop_dsp48e1_CLK_ACOUT[10])
                                                      0.864     6.026 r  u_fir_filter/product_7/ACOUT[10]
                         net (fo=1, routed)           0.056     6.082    u_fir_filter/product_7_n_43
    DSP48_X0Y10          DSP48E1                                      r  u_fir_filter/product_8/ACIN[10]
  -------------------------------------------------------------------    -------------------

                         (clock sys_clk_pin rise edge)
                                                     10.000    10.000 r  <hidden>
    W5                                                0.000    10.000 r  clk
                         net (fo=0)                   0.000    10.000    clk
    W5                   IBUF (Prop_ibuf_I_O)         1.388    11.388 r  clk_IBUF_inst/O
                         net (fo=1, routed)           1.862    13.250    clk_IBUF
    BUFGCTRL_X0Y0        BUFG (Prop_bufg_I_O)         0.091    13.341 r  clk_IBUF_BUFG_inst/O
                         net (fo=14, routed)          1.526    14.867    u_fir_filter/clk_IBUF_BUFG
    DSP48_X0Y10          DSP48E1                                      r  u_fir_filter/product_8/CLK
                         clock pessimism              0.260    15.127    <hidden>
                         clock uncertainty           -0.035    15.091    <hidden>
    DSP48_X0Y10          DSP48E1 (Setup_dsp48e1_CLK_ACIN[10])
                                                     -0.319    14.772    u_fir_filter/product_8
  -------------------------------------------------------------------
                         required time                         14.772    <hidden>
                         arrival time                          -6.082    <hidden>
  -------------------------------------------------------------------
                         slack                                  8.691    <hidden>

Slack (MET) :             8.691ns  (required time - arrival time)
  Source:                 u_fir_filter/product_7/CLK
                            (rising edge-triggered cell DSP48E1 clocked by sys_clk_pin  {rise@0.000ns fall@5.000ns period=10.000ns})
  Destination:            u_fir_filter/product_8/ACIN[11]
                            (rising edge-triggered cell DSP48E1 clocked by sys_clk_pin  {rise@0.000ns fall@5.000ns period=10.000ns})
  Path Group:             sys_clk_pin
  Path Type:              Setup (Max at Slow Process Corner)
  Requirement:            10.000ns  (sys_clk_pin rise@10.000ns - sys_clk_pin rise@0.000ns)
  Data Path Delay:        0.920ns  (logic 0.864ns (93.933%)  route 0.056ns (6.067%))
  Logic Levels:           0  
  Clock Path Skew:        -0.035ns (DCD - SCD + CPR)
    Destination Clock Delay (DCD):    4.867ns = ( 14.867 - 10.000 ) 
    Source Clock Delay      (SCD):    5.162ns
    Clock Pessimism Removal (CPR):    0.260ns
  Clock Uncertainty:      0.035ns  ((TSJ^2 + TIJ^2)^1/2 + DJ) / 2 + PE
    Total System Jitter     (TSJ):    0.071ns
    Total Input Jitter      (TIJ):    0.000ns
    Discrete Jitter          (DJ):    0.000ns
    Phase Error              (PE):    0.000ns

    Location             Delay type                Incr(ns)  Path(ns)    Netlist Resource(s)
  -------------------------------------------------------------------    -------------------
                         (clock sys_clk_pin rise edge)
                                                      0.000     0.000 r  <hidden>
    W5                                                0.000     0.000 r  clk
                         net (fo=0)                   0.000     0.000    clk
    W5                   IBUF (Prop_ibuf_I_O)         1.458     1.458 r  clk_IBUF_inst/O
                         net (fo=1, routed)           1.967     3.425    clk_IBUF
    BUFGCTRL_X0Y0        BUFG (Prop_bufg_I_O)         0.096     3.521 r  clk_IBUF_BUFG_inst/O
                         net (fo=14, routed)          1.641     5.162    u_fir_filter/clk_IBUF_BUFG
    DSP48_X0Y9           DSP48E1                                      r  u_fir_filter/product_7/CLK
  -------------------------------------------------------------------    -------------------
    DSP48_X0Y9           DSP48E1 (Prop_dsp48e1_CLK_ACOUT[11])
                                                      0.864     6.026 r  u_fir_filter/product_7/ACOUT[11]
                         net (fo=1, routed)           0.056     6.082    u_fir_filter/product_7_n_42
    DSP48_X0Y10          DSP48E1                                      r  u_fir_filter/product_8/ACIN[11]
  -------------------------------------------------------------------    -------------------

                         (clock sys_clk_pin rise edge)
                                                     10.000    10.000 r  <hidden>
    W5                                                0.000    10.000 r  clk
                         net (fo=0)                   0.000    10.000    clk
    W5                   IBUF (Prop_ibuf_I_O)         1.388    11.388 r  clk_IBUF_inst/O
                         net (fo=1, routed)           1.862    13.250    clk_IBUF
    BUFGCTRL_X0Y0        BUFG (Prop_bufg_I_O)         0.091    13.341 r  clk_IBUF_BUFG_inst/O
                         net (fo=14, routed)          1.526    14.867    u_fir_filter/clk_IBUF_BUFG
    DSP48_X0Y10          DSP48E1                                      r  u_fir_filter/product_8/CLK
                         clock pessimism              0.260    15.127    <hidden>
                         clock uncertainty           -0.035    15.091    <hidden>
    DSP48_X0Y10          DSP48E1 (Setup_dsp48e1_CLK_ACIN[11])
                                                     -0.319    14.772    u_fir_filter/product_8
  -------------------------------------------------------------------
                         required time                         14.772    <hidden>
                         arrival time                          -6.082    <hidden>
  -------------------------------------------------------------------
                         slack                                  8.691    <hidden>

Slack (MET) :             8.691ns  (required time - arrival time)
  Source:                 u_fir_filter/product_7/CLK
                            (rising edge-triggered cell DSP48E1 clocked by sys_clk_pin  {rise@0.000ns fall@5.000ns period=10.000ns})
  Destination:            u_fir_filter/product_8/ACIN[12]
                            (rising edge-triggered cell DSP48E1 clocked by sys_clk_pin  {rise@0.000ns fall@5.000ns period=10.000ns})
  Path Group:             sys_clk_pin
  Path Type:              Setup (Max at Slow Process Corner)
  Requirement:            10.000ns  (sys_clk_pin rise@10.000ns - sys_clk_pin rise@0.000ns)
  Data Path Delay:        0.920ns  (logic 0.864ns (93.933%)  route 0.056ns (6.067%))
  Logic Levels:           0  
  Clock Path Skew:        -0.035ns (DCD - SCD + CPR)
    Destination Clock Delay (DCD):    4.867ns = ( 14.867 - 10.000 ) 
    Source Clock Delay      (SCD):    5.162ns
    Clock Pessimism Removal (CPR):    0.260ns
  Clock Uncertainty:      0.035ns  ((TSJ^2 + TIJ^2)^1/2 + DJ) / 2 + PE
    Total System Jitter     (TSJ):    0.071ns
    Total Input Jitter      (TIJ):    0.000ns
    Discrete Jitter          (DJ):    0.000ns
    Phase Error              (PE):    0.000ns

    Location             Delay type                Incr(ns)  Path(ns)    Netlist Resource(s)
  -------------------------------------------------------------------    -------------------
                         (clock sys_clk_pin rise edge)
                                                      0.000     0.000 r  <hidden>
    W5                                                0.000     0.000 r  clk
                         net (fo=0)                   0.000     0.000    clk
    W5                   IBUF (Prop_ibuf_I_O)         1.458     1.458 r  clk_IBUF_inst/O
                         net (fo=1, routed)           1.967     3.425    clk_IBUF
    BUFGCTRL_X0Y0        BUFG (Prop_bufg_I_O)         0.096     3.521 r  clk_IBUF_BUFG_inst/O
                         net (fo=14, routed)          1.641     5.162    u_fir_filter/clk_IBUF_BUFG
    DSP48_X0Y9           DSP48E1                                      r  u_fir_filter/product_7/CLK
  -------------------------------------------------------------------    -------------------
    DSP48_X0Y9           DSP48E1 (Prop_dsp48e1_CLK_ACOUT[12])
                                                      0.864     6.026 r  u_fir_filter/product_7/ACOUT[12]
                         net (fo=1, routed)           0.056     6.082    u_fir_filter/product_7_n_41
    DSP48_X0Y10          DSP48E1                                      r  u_fir_filter/product_8/ACIN[12]
  -------------------------------------------------------------------    -------------------

                         (clock sys_clk_pin rise edge)
                                                     10.000    10.000 r  <hidden>
    W5                                                0.000    10.000 r  clk
                         net (fo=0)                   0.000    10.000    clk
    W5                   IBUF (Prop_ibuf_I_O)         1.388    11.388 r  clk_IBUF_inst/O
                         net (fo=1, routed)           1.862    13.250    clk_IBUF
    BUFGCTRL_X0Y0        BUFG (Prop_bufg_I_O)         0.091    13.341 r  clk_IBUF_BUFG_inst/O
                         net (fo=14, routed)          1.526    14.867    u_fir_filter/clk_IBUF_BUFG
    DSP48_X0Y10          DSP48E1                                      r  u_fir_filter/product_8/CLK
                         clock pessimism              0.260    15.127    <hidden>
                         clock uncertainty           -0.035    15.091    <hidden>
    DSP48_X0Y10          DSP48E1 (Setup_dsp48e1_CLK_ACIN[12])
                                                     -0.319    14.772    u_fir_filter/product_8
  -------------------------------------------------------------------
                         required time                         14.772    <hidden>
                         arrival time                          -6.082    <hidden>
  -------------------------------------------------------------------
                         slack                                  8.691    <hidden>

Slack (MET) :             8.691ns  (required time - arrival time)
  Source:                 u_fir_filter/product_7/CLK
                            (rising edge-triggered cell DSP48E1 clocked by sys_clk_pin  {rise@0.000ns fall@5.000ns period=10.000ns})
  Destination:            u_fir_filter/product_8/ACIN[13]
                            (rising edge-triggered cell DSP48E1 clocked by sys_clk_pin  {rise@0.000ns fall@5.000ns period=10.000ns})
  Path Group:             sys_clk_pin
  Path Type:              Setup (Max at Slow Process Corner)
  Requirement:            10.000ns  (sys_clk_pin rise@10.000ns - sys_clk_pin rise@0.000ns)
  Data Path Delay:        0.920ns  (logic 0.864ns (93.933%)  route 0.056ns (6.067%))
  Logic Levels:           0  
  Clock Path Skew:        -0.035ns (DCD - SCD + CPR)
    Destination Clock Delay (DCD):    4.867ns = ( 14.867 - 10.000 ) 
    Source Clock Delay      (SCD):    5.162ns
    Clock Pessimism Removal (CPR):    0.260ns
  Clock Uncertainty:      0.035ns  ((TSJ^2 + TIJ^2)^1/2 + DJ) / 2 + PE
    Total System Jitter     (TSJ):    0.071ns
    Total Input Jitter      (TIJ):    0.000ns
    Discrete Jitter          (DJ):    0.000ns
    Phase Error              (PE):    0.000ns

    Location             Delay type                Incr(ns)  Path(ns)    Netlist Resource(s)
  -------------------------------------------------------------------    -------------------
                         (clock sys_clk_pin rise edge)
                                                      0.000     0.000 r  <hidden>
    W5                                                0.000     0.000 r  clk
                         net (fo=0)                   0.000     0.000    clk
    W5                   IBUF (Prop_ibuf_I_O)         1.458     1.458 r  clk_IBUF_inst/O
                         net (fo=1, routed)           1.967     3.425    clk_IBUF
    BUFGCTRL_X0Y0        BUFG (Prop_bufg_I_O)         0.096     3.521 r  clk_IBUF_BUFG_inst/O
                         net (fo=14, routed)          1.641     5.162    u_fir_filter/clk_IBUF_BUFG
    DSP48_X0Y9           DSP48E1                                      r  u_fir_filter/product_7/CLK
  -------------------------------------------------------------------    -------------------
    DSP48_X0Y9           DSP48E1 (Prop_dsp48e1_CLK_ACOUT[13])
                                                      0.864     6.026 r  u_fir_filter/product_7/ACOUT[13]
                         net (fo=1, routed)           0.056     6.082    u_fir_filter/product_7_n_40
    DSP48_X0Y10          DSP48E1                                      r  u_fir_filter/product_8/ACIN[13]
  -------------------------------------------------------------------    -------------------

                         (clock sys_clk_pin rise edge)
                                                     10.000    10.000 r  <hidden>
    W5                                                0.000    10.000 r  clk
                         net (fo=0)                   0.000    10.000    clk
    W5                   IBUF (Prop_ibuf_I_O)         1.388    11.388 r  clk_IBUF_inst/O
                         net (fo=1, routed)           1.862    13.250    clk_IBUF
    BUFGCTRL_X0Y0        BUFG (Prop_bufg_I_O)         0.091    13.341 r  clk_IBUF_BUFG_inst/O
                         net (fo=14, routed)          1.526    14.867    u_fir_filter/clk_IBUF_BUFG
    DSP48_X0Y10          DSP48E1                                      r  u_fir_filter/product_8/CLK
                         clock pessimism              0.260    15.127    <hidden>
                         clock uncertainty           -0.035    15.091    <hidden>
    DSP48_X0Y10          DSP48E1 (Setup_dsp48e1_CLK_ACIN[13])
                                                     -0.319    14.772    u_fir_filter/product_8
  -------------------------------------------------------------------
                         required time                         14.772    <hidden>
                         arrival time                          -6.082    <hidden>
  -------------------------------------------------------------------
                         slack                                  8.691    <hidden>

Slack (MET) :             8.691ns  (required time - arrival time)
  Source:                 u_fir_filter/product_7/CLK
                            (rising edge-triggered cell DSP48E1 clocked by sys_clk_pin  {rise@0.000ns fall@5.000ns period=10.000ns})
  Destination:            u_fir_filter/product_8/ACIN[14]
                            (rising edge-triggered cell DSP48E1 clocked by sys_clk_pin  {rise@0.000ns fall@5.000ns period=10.000ns})
  Path Group:             sys_clk_pin
  Path Type:              Setup (Max at Slow Process Corner)
  Requirement:            10.000ns  (sys_clk_pin rise@10.000ns - sys_clk_pin rise@0.000ns)
  Data Path Delay:        0.920ns  (logic 0.864ns (93.933%)  route 0.056ns (6.067%))
  Logic Levels:           0  
  Clock Path Skew:        -0.035ns (DCD - SCD + CPR)
    Destination Clock Delay (DCD):    4.867ns = ( 14.867 - 10.000 ) 
    Source Clock Delay      (SCD):    5.162ns
    Clock Pessimism Removal (CPR):    0.260ns
  Clock Uncertainty:      0.035ns  ((TSJ^2 + TIJ^2)^1/2 + DJ) / 2 + PE
    Total System Jitter     (TSJ):    0.071ns
    Total Input Jitter      (TIJ):    0.000ns
    Discrete Jitter          (DJ):    0.000ns
    Phase Error              (PE):    0.000ns

    Location             Delay type                Incr(ns)  Path(ns)    Netlist Resource(s)
  -------------------------------------------------------------------    -------------------
                         (clock sys_clk_pin rise edge)
                                                      0.000     0.000 r  <hidden>
    W5                                                0.000     0.000 r  clk
                         net (fo=0)                   0.000     0.000    clk
    W5                   IBUF (Prop_ibuf_I_O)         1.458     1.458 r  clk_IBUF_inst/O
                         net (fo=1, routed)           1.967     3.425    clk_IBUF
    BUFGCTRL_X0Y0        BUFG (Prop_bufg_I_O)         0.096     3.521 r  clk_IBUF_BUFG_inst/O
                         net (fo=14, routed)          1.641     5.162    u_fir_filter/clk_IBUF_BUFG
    DSP48_X0Y9           DSP48E1                                      r  u_fir_filter/product_7/CLK
  -------------------------------------------------------------------    -------------------
    DSP48_X0Y9           DSP48E1 (Prop_dsp48e1_CLK_ACOUT[14])
                                                      0.864     6.026 r  u_fir_filter/product_7/ACOUT[14]
                         net (fo=1, routed)           0.056     6.082    u_fir_filter/product_7_n_39
    DSP48_X0Y10          DSP48E1                                      r  u_fir_filter/product_8/ACIN[14]
  -------------------------------------------------------------------    -------------------

                         (clock sys_clk_pin rise edge)
                                                     10.000    10.000 r  <hidden>
    W5                                                0.000    10.000 r  clk
                         net (fo=0)                   0.000    10.000    clk
    W5                   IBUF (Prop_ibuf_I_O)         1.388    11.388 r  clk_IBUF_inst/O
                         net (fo=1, routed)           1.862    13.250    clk_IBUF
    BUFGCTRL_X0Y0        BUFG (Prop_bufg_I_O)         0.091    13.341 r  clk_IBUF_BUFG_inst/O
                         net (fo=14, routed)          1.526    14.867    u_fir_filter/clk_IBUF_BUFG
    DSP48_X0Y10          DSP48E1                                      r  u_fir_filter/product_8/CLK
                         clock pessimism              0.260    15.127    <hidden>
                         clock uncertainty           -0.035    15.091    <hidden>
    DSP48_X0Y10          DSP48E1 (Setup_dsp48e1_CLK_ACIN[14])
                                                     -0.319    14.772    u_fir_filter/product_8
  -------------------------------------------------------------------
                         required time                         14.772    <hidden>
                         arrival time                          -6.082    <hidden>
  -------------------------------------------------------------------
                         slack                                  8.691    <hidden>

Slack (MET) :             8.691ns  (required time - arrival time)
  Source:                 u_fir_filter/product_7/CLK
                            (rising edge-triggered cell DSP48E1 clocked by sys_clk_pin  {rise@0.000ns fall@5.000ns period=10.000ns})
  Destination:            u_fir_filter/product_8/ACIN[15]
                            (rising edge-triggered cell DSP48E1 clocked by sys_clk_pin  {rise@0.000ns fall@5.000ns period=10.000ns})
  Path Group:             sys_clk_pin
  Path Type:              Setup (Max at Slow Process Corner)
  Requirement:            10.000ns  (sys_clk_pin rise@10.000ns - sys_clk_pin rise@0.000ns)
  Data Path Delay:        0.920ns  (logic 0.864ns (93.933%)  route 0.056ns (6.067%))
  Logic Levels:           0  
  Clock Path Skew:        -0.035ns (DCD - SCD + CPR)
    Destination Clock Delay (DCD):    4.867ns = ( 14.867 - 10.000 ) 
    Source Clock Delay      (SCD):    5.162ns
    Clock Pessimism Removal (CPR):    0.260ns
  Clock Uncertainty:      0.035ns  ((TSJ^2 + TIJ^2)^1/2 + DJ) / 2 + PE
    Total System Jitter     (TSJ):    0.071ns
    Total Input Jitter      (TIJ):    0.000ns
    Discrete Jitter          (DJ):    0.000ns
    Phase Error              (PE):    0.000ns

    Location             Delay type                Incr(ns)  Path(ns)    Netlist Resource(s)
  -------------------------------------------------------------------    -------------------
                         (clock sys_clk_pin rise edge)
                                                      0.000     0.000 r  <hidden>
    W5                                                0.000     0.000 r  clk
                         net (fo=0)                   0.000     0.000    clk
    W5                   IBUF (Prop_ibuf_I_O)         1.458     1.458 r  clk_IBUF_inst/O
                         net (fo=1, routed)           1.967     3.425    clk_IBUF
    BUFGCTRL_X0Y0        BUFG (Prop_bufg_I_O)         0.096     3.521 r  clk_IBUF_BUFG_inst/O
                         net (fo=14, routed)          1.641     5.162    u_fir_filter/clk_IBUF_BUFG
    DSP48_X0Y9           DSP48E1                                      r  u_fir_filter/product_7/CLK
  -------------------------------------------------------------------    -------------------
    DSP48_X0Y9           DSP48E1 (Prop_dsp48e1_CLK_ACOUT[15])
                                                      0.864     6.026 r  u_fir_filter/product_7/ACOUT[15]
                         net (fo=1, routed)           0.056     6.082    u_fir_filter/product_7_n_38
    DSP48_X0Y10          DSP48E1                                      r  u_fir_filter/product_8/ACIN[15]
  -------------------------------------------------------------------    -------------------

                         (clock sys_clk_pin rise edge)
                                                     10.000    10.000 r  <hidden>
    W5                                                0.000    10.000 r  clk
                         net (fo=0)                   0.000    10.000    clk
    W5                   IBUF (Prop_ibuf_I_O)         1.388    11.388 r  clk_IBUF_inst/O
                         net (fo=1, routed)           1.862    13.250    clk_IBUF
    BUFGCTRL_X0Y0        BUFG (Prop_bufg_I_O)         0.091    13.341 r  clk_IBUF_BUFG_inst/O
                         net (fo=14, routed)          1.526    14.867    u_fir_filter/clk_IBUF_BUFG
    DSP48_X0Y10          DSP48E1                                      r  u_fir_filter/product_8/CLK
                         clock pessimism              0.260    15.127    <hidden>
                         clock uncertainty           -0.035    15.091    <hidden>
    DSP48_X0Y10          DSP48E1 (Setup_dsp48e1_CLK_ACIN[15])
                                                     -0.319    14.772    u_fir_filter/product_8
  -------------------------------------------------------------------
                         required time                         14.772    <hidden>
                         arrival time                          -6.082    <hidden>
  -------------------------------------------------------------------
                         slack                                  8.691    <hidden>

Slack (MET) :             8.691ns  (required time - arrival time)
  Source:                 u_fir_filter/product_7/CLK
                            (rising edge-triggered cell DSP48E1 clocked by sys_clk_pin  {rise@0.000ns fall@5.000ns period=10.000ns})
  Destination:            u_fir_filter/product_8/ACIN[16]
                            (rising edge-triggered cell DSP48E1 clocked by sys_clk_pin  {rise@0.000ns fall@5.000ns period=10.000ns})
  Path Group:             sys_clk_pin
  Path Type:              Setup (Max at Slow Process Corner)
  Requirement:            10.000ns  (sys_clk_pin rise@10.000ns - sys_clk_pin rise@0.000ns)
  Data Path Delay:        0.920ns  (logic 0.864ns (93.933%)  route 0.056ns (6.067%))
  Logic Levels:           0  
  Clock Path Skew:        -0.035ns (DCD - SCD + CPR)
    Destination Clock Delay (DCD):    4.867ns = ( 14.867 - 10.000 ) 
    Source Clock Delay      (SCD):    5.162ns
    Clock Pessimism Removal (CPR):    0.260ns
  Clock Uncertainty:      0.035ns  ((TSJ^2 + TIJ^2)^1/2 + DJ) / 2 + PE
    Total System Jitter     (TSJ):    0.071ns
    Total Input Jitter      (TIJ):    0.000ns
    Discrete Jitter          (DJ):    0.000ns
    Phase Error              (PE):    0.000ns

    Location             Delay type                Incr(ns)  Path(ns)    Netlist Resource(s)
  -------------------------------------------------------------------    -------------------
                         (clock sys_clk_pin rise edge)
                                                      0.000     0.000 r  <hidden>
    W5                                                0.000     0.000 r  clk
                         net (fo=0)                   0.000     0.000    clk
    W5                   IBUF (Prop_ibuf_I_O)         1.458     1.458 r  clk_IBUF_inst/O
                         net (fo=1, routed)           1.967     3.425    clk_IBUF
    BUFGCTRL_X0Y0        BUFG (Prop_bufg_I_O)         0.096     3.521 r  clk_IBUF_BUFG_inst/O
                         net (fo=14, routed)          1.641     5.162    u_fir_filter/clk_IBUF_BUFG
    DSP48_X0Y9           DSP48E1                                      r  u_fir_filter/product_7/CLK
  -------------------------------------------------------------------    -------------------
    DSP48_X0Y9           DSP48E1 (Prop_dsp48e1_CLK_ACOUT[16])
                                                      0.864     6.026 r  u_fir_filter/product_7/ACOUT[16]
                         net (fo=1, routed)           0.056     6.082    u_fir_filter/product_7_n_37
    DSP48_X0Y10          DSP48E1                                      r  u_fir_filter/product_8/ACIN[16]
  -------------------------------------------------------------------    -------------------

                         (clock sys_clk_pin rise edge)
                                                     10.000    10.000 r  <hidden>
    W5                                                0.000    10.000 r  clk
                         net (fo=0)                   0.000    10.000    clk
    W5                   IBUF (Prop_ibuf_I_O)         1.388    11.388 r  clk_IBUF_inst/O
                         net (fo=1, routed)           1.862    13.250    clk_IBUF
    BUFGCTRL_X0Y0        BUFG (Prop_bufg_I_O)         0.091    13.341 r  clk_IBUF_BUFG_inst/O
                         net (fo=14, routed)          1.526    14.867    u_fir_filter/clk_IBUF_BUFG
    DSP48_X0Y10          DSP48E1                                      r  u_fir_filter/product_8/CLK
                         clock pessimism              0.260    15.127    <hidden>
                         clock uncertainty           -0.035    15.091    <hidden>
    DSP48_X0Y10          DSP48E1 (Setup_dsp48e1_CLK_ACIN[16])
                                                     -0.319    14.772    u_fir_filter/product_8
  -------------------------------------------------------------------
                         required time                         14.772    <hidden>
                         arrival time                          -6.082    <hidden>
  -------------------------------------------------------------------
                         slack                                  8.691    <hidden>

Slack (MET) :             8.691ns  (required time - arrival time)
  Source:                 u_fir_filter/product_7/CLK
                            (rising edge-triggered cell DSP48E1 clocked by sys_clk_pin  {rise@0.000ns fall@5.000ns period=10.000ns})
  Destination:            u_fir_filter/product_8/ACIN[17]
                            (rising edge-triggered cell DSP48E1 clocked by sys_clk_pin  {rise@0.000ns fall@5.000ns period=10.000ns})
  Path Group:             sys_clk_pin
  Path Type:              Setup (Max at Slow Process Corner)
  Requirement:            10.000ns  (sys_clk_pin rise@10.000ns - sys_clk_pin rise@0.000ns)
  Data Path Delay:        0.920ns  (logic 0.864ns (93.933%)  route 0.056ns (6.067%))
  Logic Levels:           0  
  Clock Path Skew:        -0.035ns (DCD - SCD + CPR)
    Destination Clock Delay (DCD):    4.867ns = ( 14.867 - 10.000 ) 
    Source Clock Delay      (SCD):    5.162ns
    Clock Pessimism Removal (CPR):    0.260ns
  Clock Uncertainty:      0.035ns  ((TSJ^2 + TIJ^2)^1/2 + DJ) / 2 + PE
    Total System Jitter     (TSJ):    0.071ns
    Total Input Jitter      (TIJ):    0.000ns
    Discrete Jitter          (DJ):    0.000ns
    Phase Error              (PE):    0.000ns

    Location             Delay type                Incr(ns)  Path(ns)    Netlist Resource(s)
  -------------------------------------------------------------------    -------------------
                         (clock sys_clk_pin rise edge)
                                                      0.000     0.000 r  <hidden>
    W5                                                0.000     0.000 r  clk
                         net (fo=0)                   0.000     0.000    clk
    W5                   IBUF (Prop_ibuf_I_O)         1.458     1.458 r  clk_IBUF_inst/O
                         net (fo=1, routed)           1.967     3.425    clk_IBUF
    BUFGCTRL_X0Y0        BUFG (Prop_bufg_I_O)         0.096     3.521 r  clk_IBUF_BUFG_inst/O
                         net (fo=14, routed)          1.641     5.162    u_fir_filter/clk_IBUF_BUFG
    DSP48_X0Y9           DSP48E1                                      r  u_fir_filter/product_7/CLK
  -------------------------------------------------------------------    -------------------
    DSP48_X0Y9           DSP48E1 (Prop_dsp48e1_CLK_ACOUT[17])
                                                      0.864     6.026 r  u_fir_filter/product_7/ACOUT[17]
                         net (fo=1, routed)           0.056     6.082    u_fir_filter/product_7_n_36
    DSP48_X0Y10          DSP48E1                                      r  u_fir_filter/product_8/ACIN[17]
  -------------------------------------------------------------------    -------------------

                         (clock sys_clk_pin rise edge)
                                                     10.000    10.000 r  <hidden>
    W5                                                0.000    10.000 r  clk
                         net (fo=0)                   0.000    10.000    clk
    W5                   IBUF (Prop_ibuf_I_O)         1.388    11.388 r  clk_IBUF_inst/O
                         net (fo=1, routed)           1.862    13.250    clk_IBUF
    BUFGCTRL_X0Y0        BUFG (Prop_bufg_I_O)         0.091    13.341 r  clk_IBUF_BUFG_inst/O
                         net (fo=14, routed)          1.526    14.867    u_fir_filter/clk_IBUF_BUFG
    DSP48_X0Y10          DSP48E1                                      r  u_fir_filter/product_8/CLK
                         clock pessimism              0.260    15.127    <hidden>
                         clock uncertainty           -0.035    15.091    <hidden>
    DSP48_X0Y10          DSP48E1 (Setup_dsp48e1_CLK_ACIN[17])
                                                     -0.319    14.772    u_fir_filter/product_8
  -------------------------------------------------------------------
                         required time                         14.772    <hidden>
                         arrival time                          -6.082    <hidden>
  -------------------------------------------------------------------
                         slack                                  8.691    <hidden>

Slack (MET) :             8.691ns  (required time - arrival time)
  Source:                 u_fir_filter/product_7/CLK
                            (rising edge-triggered cell DSP48E1 clocked by sys_clk_pin  {rise@0.000ns fall@5.000ns period=10.000ns})
  Destination:            u_fir_filter/product_8/ACIN[18]
                            (rising edge-triggered cell DSP48E1 clocked by sys_clk_pin  {rise@0.000ns fall@5.000ns period=10.000ns})
  Path Group:             sys_clk_pin
  Path Type:              Setup (Max at Slow Process Corner)
  Requirement:            10.000ns  (sys_clk_pin rise@10.000ns - sys_clk_pin rise@0.000ns)
  Data Path Delay:        0.920ns  (logic 0.864ns (93.933%)  route 0.056ns (6.067%))
  Logic Levels:           0  
  Clock Path Skew:        -0.035ns (DCD - SCD + CPR)
    Destination Clock Delay (DCD):    4.867ns = ( 14.867 - 10.000 ) 
    Source Clock Delay      (SCD):    5.162ns
    Clock Pessimism Removal (CPR):    0.260ns
  Clock Uncertainty:      0.035ns  ((TSJ^2 + TIJ^2)^1/2 + DJ) / 2 + PE
    Total System Jitter     (TSJ):    0.071ns
    Total Input Jitter      (TIJ):    0.000ns
    Discrete Jitter          (DJ):    0.000ns
    Phase Error              (PE):    0.000ns

    Location             Delay type                Incr(ns)  Path(ns)    Netlist Resource(s)
  -------------------------------------------------------------------    -------------------
                         (clock sys_clk_pin rise edge)
                                                      0.000     0.000 r  <hidden>
    W5                                                0.000     0.000 r  clk
                         net (fo=0)                   0.000     0.000    clk
    W5                   IBUF (Prop_ibuf_I_O)         1.458     1.458 r  clk_IBUF_inst/O
                         net (fo=1, routed)           1.967     3.425    clk_IBUF
    BUFGCTRL_X0Y0        BUFG (Prop_bufg_I_O)         0.096     3.521 r  clk_IBUF_BUFG_inst/O
                         net (fo=14, routed)          1.641     5.162    u_fir_filter/clk_IBUF_BUFG
    DSP48_X0Y9           DSP48E1                                      r  u_fir_filter/product_7/CLK
  -------------------------------------------------------------------    -------------------
    DSP48_X0Y9           DSP48E1 (Prop_dsp48e1_CLK_ACOUT[18])
                                                      0.864     6.026 r  u_fir_filter/product_7/ACOUT[18]
                         net (fo=1, routed)           0.056     6.082    u_fir_filter/product_7_n_35
    DSP48_X0Y10          DSP48E1                                      r  u_fir_filter/product_8/ACIN[18]
  -------------------------------------------------------------------    -------------------

                         (clock sys_clk_pin rise edge)
                                                     10.000    10.000 r  <hidden>
    W5                                                0.000    10.000 r  clk
                         net (fo=0)                   0.000    10.000    clk
    W5                   IBUF (Prop_ibuf_I_O)         1.388    11.388 r  clk_IBUF_inst/O
                         net (fo=1, routed)           1.862    13.250    clk_IBUF
    BUFGCTRL_X0Y0        BUFG (Prop_bufg_I_O)         0.091    13.341 r  clk_IBUF_BUFG_inst/O
                         net (fo=14, routed)          1.526    14.867    u_fir_filter/clk_IBUF_BUFG
    DSP48_X0Y10          DSP48E1                                      r  u_fir_filter/product_8/CLK
                         clock pessimism              0.260    15.127    <hidden>
                         clock uncertainty           -0.035    15.091    <hidden>
    DSP48_X0Y10          DSP48E1 (Setup_dsp48e1_CLK_ACIN[18])
                                                     -0.319    14.772    u_fir_filter/product_8
  -------------------------------------------------------------------
                         required time                         14.772    <hidden>
                         arrival time                          -6.082    <hidden>
  -------------------------------------------------------------------
                         slack                                  8.691    <hidden>





Min Delay Paths
--------------------------------------------------------------------------------------
Slack (MET) :             0.411ns  (arrival time - required time)
  Source:                 u_fir_filter/product_13/CLK
                            (rising edge-triggered cell DSP48E1 clocked by sys_clk_pin  {rise@0.000ns fall@5.000ns period=10.000ns})
  Destination:            u_fir_filter/product_14/ACIN[0]
                            (rising edge-triggered cell DSP48E1 clocked by sys_clk_pin  {rise@0.000ns fall@5.000ns period=10.000ns})
  Path Group:             sys_clk_pin
  Path Type:              Hold (Min at Fast Process Corner)
  Requirement:            0.000ns  (sys_clk_pin rise@0.000ns - sys_clk_pin rise@0.000ns)
  Data Path Delay:        0.495ns  (logic 0.493ns (99.596%)  route 0.002ns (0.404%))
  Logic Levels:           0  
  Clock Path Skew:        0.018ns (DCD - SCD - CPR)
    Destination Clock Delay (DCD):    2.051ns
    Source Clock Delay      (SCD):    1.535ns
    Clock Pessimism Removal (CPR):    0.498ns

    Location             Delay type                Incr(ns)  Path(ns)    Netlist Resource(s)
  -------------------------------------------------------------------    -------------------
                         (clock sys_clk_pin rise edge)
                                                      0.000     0.000 r  <hidden>
    W5                                                0.000     0.000 r  clk
                         net (fo=0)                   0.000     0.000    clk
    W5                   IBUF (Prop_ibuf_I_O)         0.226     0.226 r  clk_IBUF_inst/O
                         net (fo=1, routed)           0.631     0.858    clk_IBUF
    BUFGCTRL_X0Y0        BUFG (Prop_bufg_I_O)         0.026     0.884 r  clk_IBUF_BUFG_inst/O
                         net (fo=14, routed)          0.651     1.535    u_fir_filter/clk_IBUF_BUFG
    DSP48_X0Y14          DSP48E1                                      r  u_fir_filter/product_13/CLK
  -------------------------------------------------------------------    -------------------
    DSP48_X0Y14          DSP48E1 (Prop_dsp48e1_CLK_ACOUT[0])
                                                      0.493     2.028 r  u_fir_filter/product_13/ACOUT[0]
                         net (fo=1, routed)           0.002     2.030    u_fir_filter/product_13_n_53
    DSP48_X0Y15          DSP48E1                                      r  u_fir_filter/product_14/ACIN[0]
  -------------------------------------------------------------------    -------------------

                         (clock sys_clk_pin rise edge)
                                                      0.000     0.000 r  <hidden>
    W5                                                0.000     0.000 r  clk
                         net (fo=0)                   0.000     0.000    clk
    W5                   IBUF (Prop_ibuf_I_O)         0.414     0.414 r  clk_IBUF_inst/O
                         net (fo=1, routed)           0.685     1.099    clk_IBUF
    BUFGCTRL_X0Y0        BUFG (Prop_bufg_I_O)         0.029     1.128 r  clk_IBUF_BUFG_inst/O
                         net (fo=14, routed)          0.923     2.051    u_fir_filter/clk_IBUF_BUFG
    DSP48_X0Y15          DSP48E1                                      r  u_fir_filter/product_14/CLK
                         clock pessimism             -0.498     1.553    <hidden>
    DSP48_X0Y15          DSP48E1 (Hold_dsp48e1_CLK_ACIN[0])
                                                      0.066     1.619    u_fir_filter/product_14
  -------------------------------------------------------------------
                         required time                         -1.619    <hidden>
                         arrival time                           2.030    <hidden>
  -------------------------------------------------------------------
                         slack                                  0.411    <hidden>

Slack (MET) :             0.411ns  (arrival time - required time)
  Source:                 u_fir_filter/product_13/CLK
                            (rising edge-triggered cell DSP48E1 clocked by sys_clk_pin  {rise@0.000ns fall@5.000ns period=10.000ns})
  Destination:            u_fir_filter/product_14/ACIN[10]
                            (rising edge-triggered cell DSP48E1 clocked by sys_clk_pin  {rise@0.000ns fall@5.000ns period=10.000ns})
  Path Group:             sys_clk_pin
  Path Type:              Hold (Min at Fast Process Corner)
  Requirement:            0.000ns  (sys_clk_pin rise@0.000ns - sys_clk_pin rise@0.000ns)
  Data Path Delay:        0.495ns  (logic 0.493ns (99.596%)  route 0.002ns (0.404%))
  Logic Levels:           0  
  Clock Path Skew:        0.018ns (DCD - SCD - CPR)
    Destination Clock Delay (DCD):    2.051ns
    Source Clock Delay      (SCD):    1.535ns
    Clock Pessimism Removal (CPR):    0.498ns

    Location             Delay type                Incr(ns)  Path(ns)    Netlist Resource(s)
  -------------------------------------------------------------------    -------------------
                         (clock sys_clk_pin rise edge)
                                                      0.000     0.000 r  <hidden>
    W5                                                0.000     0.000 r  clk
                         net (fo=0)                   0.000     0.000    clk
    W5                   IBUF (Prop_ibuf_I_O)         0.226     0.226 r  clk_IBUF_inst/O
                         net (fo=1, routed)           0.631     0.858    clk_IBUF
    BUFGCTRL_X0Y0        BUFG (Prop_bufg_I_O)         0.026     0.884 r  clk_IBUF_BUFG_inst/O
                         net (fo=14, routed)          0.651     1.535    u_fir_filter/clk_IBUF_BUFG
    DSP48_X0Y14          DSP48E1                                      r  u_fir_filter/product_13/CLK
  -------------------------------------------------------------------    -------------------
    DSP48_X0Y14          DSP48E1 (Prop_dsp48e1_CLK_ACOUT[10])
                                                      0.493     2.028 r  u_fir_filter/product_13/ACOUT[10]
                         net (fo=1, routed)           0.002     2.030    u_fir_filter/product_13_n_43
    DSP48_X0Y15          DSP48E1                                      r  u_fir_filter/product_14/ACIN[10]
  -------------------------------------------------------------------    -------------------

                         (clock sys_clk_pin rise edge)
                                                      0.000     0.000 r  <hidden>
    W5                                                0.000     0.000 r  clk
                         net (fo=0)                   0.000     0.000    clk
    W5                   IBUF (Prop_ibuf_I_O)         0.414     0.414 r  clk_IBUF_inst/O
                         net (fo=1, routed)           0.685     1.099    clk_IBUF
    BUFGCTRL_X0Y0        BUFG (Prop_bufg_I_O)         0.029     1.128 r  clk_IBUF_BUFG_inst/O
                         net (fo=14, routed)          0.923     2.051    u_fir_filter/clk_IBUF_BUFG
    DSP48_X0Y15          DSP48E1                                      r  u_fir_filter/product_14/CLK
                         clock pessimism             -0.498     1.553    <hidden>
    DSP48_X0Y15          DSP48E1 (Hold_dsp48e1_CLK_ACIN[10])
                                                      0.066     1.619    u_fir_filter/product_14
  -------------------------------------------------------------------
                         required time                         -1.619    <hidden>
                         arrival time                           2.030    <hidden>
  -------------------------------------------------------------------
                         slack                                  0.411    <hidden>

Slack (MET) :             0.411ns  (arrival time - required time)
  Source:                 u_fir_filter/product_13/CLK
                            (rising edge-triggered cell DSP48E1 clocked by sys_clk_pin  {rise@0.000ns fall@5.000ns period=10.000ns})
  Destination:            u_fir_filter/product_14/ACIN[11]
                            (rising edge-triggered cell DSP48E1 clocked by sys_clk_pin  {rise@0.000ns fall@5.000ns period=10.000ns})
  Path Group:             sys_clk_pin
  Path Type:              Hold (Min at Fast Process Corner)
  Requirement:            0.000ns  (sys_clk_pin rise@0.000ns - sys_clk_pin rise@0.000ns)
  Data Path Delay:        0.495ns  (logic 0.493ns (99.596%)  route 0.002ns (0.404%))
  Logic Levels:           0  
  Clock Path Skew:        0.018ns (DCD - SCD - CPR)
    Destination Clock Delay (DCD):    2.051ns
    Source Clock Delay      (SCD):    1.535ns
    Clock Pessimism Removal (CPR):    0.498ns

    Location             Delay type                Incr(ns)  Path(ns)    Netlist Resource(s)
  -------------------------------------------------------------------    -------------------
                         (clock sys_clk_pin rise edge)
                                                      0.000     0.000 r  <hidden>
    W5                                                0.000     0.000 r  clk
                         net (fo=0)                   0.000     0.000    clk
    W5                   IBUF (Prop_ibuf_I_O)         0.226     0.226 r  clk_IBUF_inst/O
                         net (fo=1, routed)           0.631     0.858    clk_IBUF
    BUFGCTRL_X0Y0        BUFG (Prop_bufg_I_O)         0.026     0.884 r  clk_IBUF_BUFG_inst/O
                         net (fo=14, routed)          0.651     1.535    u_fir_filter/clk_IBUF_BUFG
    DSP48_X0Y14          DSP48E1                                      r  u_fir_filter/product_13/CLK
  -------------------------------------------------------------------    -------------------
    DSP48_X0Y14          DSP48E1 (Prop_dsp48e1_CLK_ACOUT[11])
                                                      0.493     2.028 r  u_fir_filter/product_13/ACOUT[11]
                         net (fo=1, routed)           0.002     2.030    u_fir_filter/product_13_n_42
    DSP48_X0Y15          DSP48E1                                      r  u_fir_filter/product_14/ACIN[11]
  -------------------------------------------------------------------    -------------------

                         (clock sys_clk_pin rise edge)
                                                      0.000     0.000 r  <hidden>
    W5                                                0.000     0.000 r  clk
                         net (fo=0)                   0.000     0.000    clk
    W5                   IBUF (Prop_ibuf_I_O)         0.414     0.414 r  clk_IBUF_inst/O
                         net (fo=1, routed)           0.685     1.099    clk_IBUF
    BUFGCTRL_X0Y0        BUFG (Prop_bufg_I_O)         0.029     1.128 r  clk_IBUF_BUFG_inst/O
                         net (fo=14, routed)          0.923     2.051    u_fir_filter/clk_IBUF_BUFG
    DSP48_X0Y15          DSP48E1                                      r  u_fir_filter/product_14/CLK
                         clock pessimism             -0.498     1.553    <hidden>
    DSP48_X0Y15          DSP48E1 (Hold_dsp48e1_CLK_ACIN[11])
                                                      0.066     1.619    u_fir_filter/product_14
  -------------------------------------------------------------------
                         required time                         -1.619    <hidden>
                         arrival time                           2.030    <hidden>
  -------------------------------------------------------------------
                         slack                                  0.411    <hidden>

Slack (MET) :             0.411ns  (arrival time - required time)
  Source:                 u_fir_filter/product_13/CLK
                            (rising edge-triggered cell DSP48E1 clocked by sys_clk_pin  {rise@0.000ns fall@5.000ns period=10.000ns})
  Destination:            u_fir_filter/product_14/ACIN[12]
                            (rising edge-triggered cell DSP48E1 clocked by sys_clk_pin  {rise@0.000ns fall@5.000ns period=10.000ns})
  Path Group:             sys_clk_pin
  Path Type:              Hold (Min at Fast Process Corner)
  Requirement:            0.000ns  (sys_clk_pin rise@0.000ns - sys_clk_pin rise@0.000ns)
  Data Path Delay:        0.495ns  (logic 0.493ns (99.596%)  route 0.002ns (0.404%))
  Logic Levels:           0  
  Clock Path Skew:        0.018ns (DCD - SCD - CPR)
    Destination Clock Delay (DCD):    2.051ns
    Source Clock Delay      (SCD):    1.535ns
    Clock Pessimism Removal (CPR):    0.498ns

    Location             Delay type                Incr(ns)  Path(ns)    Netlist Resource(s)
  -------------------------------------------------------------------    -------------------
                         (clock sys_clk_pin rise edge)
                                                      0.000     0.000 r  <hidden>
    W5                                                0.000     0.000 r  clk
                         net (fo=0)                   0.000     0.000    clk
    W5                   IBUF (Prop_ibuf_I_O)         0.226     0.226 r  clk_IBUF_inst/O
                         net (fo=1, routed)           0.631     0.858    clk_IBUF
    BUFGCTRL_X0Y0        BUFG (Prop_bufg_I_O)         0.026     0.884 r  clk_IBUF_BUFG_inst/O
                         net (fo=14, routed)          0.651     1.535    u_fir_filter/clk_IBUF_BUFG
    DSP48_X0Y14          DSP48E1                                      r  u_fir_filter/product_13/CLK
  -------------------------------------------------------------------    -------------------
    DSP48_X0Y14          DSP48E1 (Prop_dsp48e1_CLK_ACOUT[12])
                                                      0.493     2.028 r  u_fir_filter/product_13/ACOUT[12]
                         net (fo=1, routed)           0.002     2.030    u_fir_filter/product_13_n_41
    DSP48_X0Y15          DSP48E1                                      r  u_fir_filter/product_14/ACIN[12]
  -------------------------------------------------------------------    -------------------

                         (clock sys_clk_pin rise edge)
                                                      0.000     0.000 r  <hidden>
    W5                                                0.000     0.000 r  clk
                         net (fo=0)                   0.000     0.000    clk
    W5                   IBUF (Prop_ibuf_I_O)         0.414     0.414 r  clk_IBUF_inst/O
                         net (fo=1, routed)           0.685     1.099    clk_IBUF
    BUFGCTRL_X0Y0        BUFG (Prop_bufg_I_O)         0.029     1.128 r  clk_IBUF_BUFG_inst/O
                         net (fo=14, routed)          0.923     2.051    u_fir_filter/clk_IBUF_BUFG
    DSP48_X0Y15          DSP48E1                                      r  u_fir_filter/product_14/CLK
                         clock pessimism             -0.498     1.553    <hidden>
    DSP48_X0Y15          DSP48E1 (Hold_dsp48e1_CLK_ACIN[12])
                                                      0.066     1.619    u_fir_filter/product_14
  -------------------------------------------------------------------
                         required time                         -1.619    <hidden>
                         arrival time                           2.030    <hidden>
  -------------------------------------------------------------------
                         slack                                  0.411    <hidden>

Slack (MET) :             0.411ns  (arrival time - required time)
  Source:                 u_fir_filter/product_13/CLK
                            (rising edge-triggered cell DSP48E1 clocked by sys_clk_pin  {rise@0.000ns fall@5.000ns period=10.000ns})
  Destination:            u_fir_filter/product_14/ACIN[13]
                            (rising edge-triggered cell DSP48E1 clocked by sys_clk_pin  {rise@0.000ns fall@5.000ns period=10.000ns})
  Path Group:             sys_clk_pin
  Path Type:              Hold (Min at Fast Process Corner)
  Requirement:            0.000ns  (sys_clk_pin rise@0.000ns - sys_clk_pin rise@0.000ns)
  Data Path Delay:        0.495ns  (logic 0.493ns (99.596%)  route 0.002ns (0.404%))
  Logic Levels:           0  
  Clock Path Skew:        0.018ns (DCD - SCD - CPR)
    Destination Clock Delay (DCD):    2.051ns
    Source Clock Delay      (SCD):    1.535ns
    Clock Pessimism Removal (CPR):    0.498ns

    Location             Delay type                Incr(ns)  Path(ns)    Netlist Resource(s)
  -------------------------------------------------------------------    -------------------
                         (clock sys_clk_pin rise edge)
                                                      0.000     0.000 r  <hidden>
    W5                                                0.000     0.000 r  clk
                         net (fo=0)                   0.000     0.000    clk
    W5                   IBUF (Prop_ibuf_I_O)         0.226     0.226 r  clk_IBUF_inst/O
                         net (fo=1, routed)           0.631     0.858    clk_IBUF
    BUFGCTRL_X0Y0        BUFG (Prop_bufg_I_O)         0.026     0.884 r  clk_IBUF_BUFG_inst/O
                         net (fo=14, routed)          0.651     1.535    u_fir_filter/clk_IBUF_BUFG
    DSP48_X0Y14          DSP48E1                                      r  u_fir_filter/product_13/CLK
  -------------------------------------------------------------------    -------------------
    DSP48_X0Y14          DSP48E1 (Prop_dsp48e1_CLK_ACOUT[13])
                                                      0.493     2.028 r  u_fir_filter/product_13/ACOUT[13]
                         net (fo=1, routed)           0.002     2.030    u_fir_filter/product_13_n_40
    DSP48_X0Y15          DSP48E1                                      r  u_fir_filter/product_14/ACIN[13]
  -------------------------------------------------------------------    -------------------

                         (clock sys_clk_pin rise edge)
                                                      0.000     0.000 r  <hidden>
    W5                                                0.000     0.000 r  clk
                         net (fo=0)                   0.000     0.000    clk
    W5                   IBUF (Prop_ibuf_I_O)         0.414     0.414 r  clk_IBUF_inst/O
                         net (fo=1, routed)           0.685     1.099    clk_IBUF
    BUFGCTRL_X0Y0        BUFG (Prop_bufg_I_O)         0.029     1.128 r  clk_IBUF_BUFG_inst/O
                         net (fo=14, routed)          0.923     2.051    u_fir_filter/clk_IBUF_BUFG
    DSP48_X0Y15          DSP48E1                                      r  u_fir_filter/product_14/CLK
                         clock pessimism             -0.498     1.553    <hidden>
    DSP48_X0Y15          DSP48E1 (Hold_dsp48e1_CLK_ACIN[13])
                                                      0.066     1.619    u_fir_filter/product_14
  -------------------------------------------------------------------
                         required time                         -1.619    <hidden>
                         arrival time                           2.030    <hidden>
  -------------------------------------------------------------------
                         slack                                  0.411    <hidden>

Slack (MET) :             0.411ns  (arrival time - required time)
  Source:                 u_fir_filter/product_13/CLK
                            (rising edge-triggered cell DSP48E1 clocked by sys_clk_pin  {rise@0.000ns fall@5.000ns period=10.000ns})
  Destination:            u_fir_filter/product_14/ACIN[14]
                            (rising edge-triggered cell DSP48E1 clocked by sys_clk_pin  {rise@0.000ns fall@5.000ns period=10.000ns})
  Path Group:             sys_clk_pin
  Path Type:              Hold (Min at Fast Process Corner)
  Requirement:            0.000ns  (sys_clk_pin rise@0.000ns - sys_clk_pin rise@0.000ns)
  Data Path Delay:        0.495ns  (logic 0.493ns (99.596%)  route 0.002ns (0.404%))
  Logic Levels:           0  
  Clock Path Skew:        0.018ns (DCD - SCD - CPR)
    Destination Clock Delay (DCD):    2.051ns
    Source Clock Delay      (SCD):    1.535ns
    Clock Pessimism Removal (CPR):    0.498ns

    Location             Delay type                Incr(ns)  Path(ns)    Netlist Resource(s)
  -------------------------------------------------------------------    -------------------
                         (clock sys_clk_pin rise edge)
                                                      0.000     0.000 r  <hidden>
    W5                                                0.000     0.000 r  clk
                         net (fo=0)                   0.000     0.000    clk
    W5                   IBUF (Prop_ibuf_I_O)         0.226     0.226 r  clk_IBUF_inst/O
                         net (fo=1, routed)           0.631     0.858    clk_IBUF
    BUFGCTRL_X0Y0        BUFG (Prop_bufg_I_O)         0.026     0.884 r  clk_IBUF_BUFG_inst/O
                         net (fo=14, routed)          0.651     1.535    u_fir_filter/clk_IBUF_BUFG
    DSP48_X0Y14          DSP48E1                                      r  u_fir_filter/product_13/CLK
  -------------------------------------------------------------------    -------------------
    DSP48_X0Y14          DSP48E1 (Prop_dsp48e1_CLK_ACOUT[14])
                                                      0.493     2.028 r  u_fir_filter/product_13/ACOUT[14]
                         net (fo=1, routed)           0.002     2.030    u_fir_filter/product_13_n_39
    DSP48_X0Y15          DSP48E1                                      r  u_fir_filter/product_14/ACIN[14]
  -------------------------------------------------------------------    -------------------

                         (clock sys_clk_pin rise edge)
                                                      0.000     0.000 r  <hidden>
    W5                                                0.000     0.000 r  clk
                         net (fo=0)                   0.000     0.000    clk
    W5                   IBUF (Prop_ibuf_I_O)         0.414     0.414 r  clk_IBUF_inst/O
                         net (fo=1, routed)           0.685     1.099    clk_IBUF
    BUFGCTRL_X0Y0        BUFG (Prop_bufg_I_O)         0.029     1.128 r  clk_IBUF_BUFG_inst/O
                         net (fo=14, routed)          0.923     2.051    u_fir_filter/clk_IBUF_BUFG
    DSP48_X0Y15          DSP48E1                                      r  u_fir_filter/product_14/CLK
                         clock pessimism             -0.498     1.553    <hidden>
    DSP48_X0Y15          DSP48E1 (Hold_dsp48e1_CLK_ACIN[14])
                                                      0.066     1.619    u_fir_filter/product_14
  -------------------------------------------------------------------
                         required time                         -1.619    <hidden>
                         arrival time                           2.030    <hidden>
  -------------------------------------------------------------------
                         slack                                  0.411    <hidden>

Slack (MET) :             0.411ns  (arrival time - required time)
  Source:                 u_fir_filter/product_13/CLK
                            (rising edge-triggered cell DSP48E1 clocked by sys_clk_pin  {rise@0.000ns fall@5.000ns period=10.000ns})
  Destination:            u_fir_filter/product_14/ACIN[15]
                            (rising edge-triggered cell DSP48E1 clocked by sys_clk_pin  {rise@0.000ns fall@5.000ns period=10.000ns})
  Path Group:             sys_clk_pin
  Path Type:              Hold (Min at Fast Process Corner)
  Requirement:            0.000ns  (sys_clk_pin rise@0.000ns - sys_clk_pin rise@0.000ns)
  Data Path Delay:        0.495ns  (logic 0.493ns (99.596%)  route 0.002ns (0.404%))
  Logic Levels:           0  
  Clock Path Skew:        0.018ns (DCD - SCD - CPR)
    Destination Clock Delay (DCD):    2.051ns
    Source Clock Delay      (SCD):    1.535ns
    Clock Pessimism Removal (CPR):    0.498ns

    Location             Delay type                Incr(ns)  Path(ns)    Netlist Resource(s)
  -------------------------------------------------------------------    -------------------
                         (clock sys_clk_pin rise edge)
                                                      0.000     0.000 r  <hidden>
    W5                                                0.000     0.000 r  clk
                         net (fo=0)                   0.000     0.000    clk
    W5                   IBUF (Prop_ibuf_I_O)         0.226     0.226 r  clk_IBUF_inst/O
                         net (fo=1, routed)           0.631     0.858    clk_IBUF
    BUFGCTRL_X0Y0        BUFG (Prop_bufg_I_O)         0.026     0.884 r  clk_IBUF_BUFG_inst/O
                         net (fo=14, routed)          0.651     1.535    u_fir_filter/clk_IBUF_BUFG
    DSP48_X0Y14          DSP48E1                                      r  u_fir_filter/product_13/CLK
  -------------------------------------------------------------------    -------------------
    DSP48_X0Y14          DSP48E1 (Prop_dsp48e1_CLK_ACOUT[15])
                                                      0.493     2.028 r  u_fir_filter/product_13/ACOUT[15]
                         net (fo=1, routed)           0.002     2.030    u_fir_filter/product_13_n_38
    DSP48_X0Y15          DSP48E1                                      r  u_fir_filter/product_14/ACIN[15]
  -------------------------------------------------------------------    -------------------

                         (clock sys_clk_pin rise edge)
                                                      0.000     0.000 r  <hidden>
    W5                                                0.000     0.000 r  clk
                         net (fo=0)                   0.000     0.000    clk
    W5                   IBUF (Prop_ibuf_I_O)         0.414     0.414 r  clk_IBUF_inst/O
                         net (fo=1, routed)           0.685     1.099    clk_IBUF
    BUFGCTRL_X0Y0        BUFG (Prop_bufg_I_O)         0.029     1.128 r  clk_IBUF_BUFG_inst/O
                         net (fo=14, routed)          0.923     2.051    u_fir_filter/clk_IBUF_BUFG
    DSP48_X0Y15          DSP48E1                                      r  u_fir_filter/product_14/CLK
                         clock pessimism             -0.498     1.553    <hidden>
    DSP48_X0Y15          DSP48E1 (Hold_dsp48e1_CLK_ACIN[15])
                                                      0.066     1.619    u_fir_filter/product_14
  -------------------------------------------------------------------
                         required time                         -1.619    <hidden>
                         arrival time                           2.030    <hidden>
  -------------------------------------------------------------------
                         slack                                  0.411    <hidden>

Slack (MET) :             0.411ns  (arrival time - required time)
  Source:                 u_fir_filter/product_13/CLK
                            (rising edge-triggered cell DSP48E1 clocked by sys_clk_pin  {rise@0.000ns fall@5.000ns period=10.000ns})
  Destination:            u_fir_filter/product_14/ACIN[16]
                            (rising edge-triggered cell DSP48E1 clocked by sys_clk_pin  {rise@0.000ns fall@5.000ns period=10.000ns})
  Path Group:             sys_clk_pin
  Path Type:              Hold (Min at Fast Process Corner)
  Requirement:            0.000ns  (sys_clk_pin rise@0.000ns - sys_clk_pin rise@0.000ns)
  Data Path Delay:        0.495ns  (logic 0.493ns (99.596%)  route 0.002ns (0.404%))
  Logic Levels:           0  
  Clock Path Skew:        0.018ns (DCD - SCD - CPR)
    Destination Clock Delay (DCD):    2.051ns
    Source Clock Delay      (SCD):    1.535ns
    Clock Pessimism Removal (CPR):    0.498ns

    Location             Delay type                Incr(ns)  Path(ns)    Netlist Resource(s)
  -------------------------------------------------------------------    -------------------
                         (clock sys_clk_pin rise edge)
                                                      0.000     0.000 r  <hidden>
    W5                                                0.000     0.000 r  clk
                         net (fo=0)                   0.000     0.000    clk
    W5                   IBUF (Prop_ibuf_I_O)         0.226     0.226 r  clk_IBUF_inst/O
                         net (fo=1, routed)           0.631     0.858    clk_IBUF
    BUFGCTRL_X0Y0        BUFG (Prop_bufg_I_O)         0.026     0.884 r  clk_IBUF_BUFG_inst/O
                         net (fo=14, routed)          0.651     1.535    u_fir_filter/clk_IBUF_BUFG
    DSP48_X0Y14          DSP48E1                                      r  u_fir_filter/product_13/CLK
  -------------------------------------------------------------------    -------------------
    DSP48_X0Y14          DSP48E1 (Prop_dsp48e1_CLK_ACOUT[16])
                                                      0.493     2.028 r  u_fir_filter/product_13/ACOUT[16]
                         net (fo=1, routed)           0.002     2.030    u_fir_filter/product_13_n_37
    DSP48_X0Y15          DSP48E1                                      r  u_fir_filter/product_14/ACIN[16]
  -------------------------------------------------------------------    -------------------

                         (clock sys_clk_pin rise edge)
                                                      0.000     0.000 r  <hidden>
    W5                                                0.000     0.000 r  clk
                         net (fo=0)                   0.000     0.000    clk
    W5                   IBUF (Prop_ibuf_I_O)         0.414     0.414 r  clk_IBUF_inst/O
                         net (fo=1, routed)           0.685     1.099    clk_IBUF
    BUFGCTRL_X0Y0        BUFG (Prop_bufg_I_O)         0.029     1.128 r  clk_IBUF_BUFG_inst/O
                         net (fo=14, routed)          0.923     2.051    u_fir_filter/clk_IBUF_BUFG
    DSP48_X0Y15          DSP48E1                                      r  u_fir_filter/product_14/CLK
                         clock pessimism             -0.498     1.553    <hidden>
    DSP48_X0Y15          DSP48E1 (Hold_dsp48e1_CLK_ACIN[16])
                                                      0.066     1.619    u_fir_filter/product_14
  -------------------------------------------------------------------
                         required time                         -1.619    <hidden>
                         arrival time                           2.030    <hidden>
  -------------------------------------------------------------------
                         slack                                  0.411    <hidden>

Slack (MET) :             0.411ns  (arrival time - required time)
  Source:                 u_fir_filter/product_13/CLK
                            (rising edge-triggered cell DSP48E1 clocked by sys_clk_pin  {rise@0.000ns fall@5.000ns period=10.000ns})
  Destination:            u_fir_filter/product_14/ACIN[17]
                            (rising edge-triggered cell DSP48E1 clocked by sys_clk_pin  {rise@0.000ns fall@5.000ns period=10.000ns})
  Path Group:             sys_clk_pin
  Path Type:              Hold (Min at Fast Process Corner)
  Requirement:            0.000ns  (sys_clk_pin rise@0.000ns - sys_clk_pin rise@0.000ns)
  Data Path Delay:        0.495ns  (logic 0.493ns (99.596%)  route 0.002ns (0.404%))
  Logic Levels:           0  
  Clock Path Skew:        0.018ns (DCD - SCD - CPR)
    Destination Clock Delay (DCD):    2.051ns
    Source Clock Delay      (SCD):    1.535ns
    Clock Pessimism Removal (CPR):    0.498ns

    Location             Delay type                Incr(ns)  Path(ns)    Netlist Resource(s)
  -------------------------------------------------------------------    -------------------
                         (clock sys_clk_pin rise edge)
                                                      0.000     0.000 r  <hidden>
    W5                                                0.000     0.000 r  clk
                         net (fo=0)                   0.000     0.000    clk
    W5                   IBUF (Prop_ibuf_I_O)         0.226     0.226 r  clk_IBUF_inst/O
                         net (fo=1, routed)           0.631     0.858    clk_IBUF
    BUFGCTRL_X0Y0        BUFG (Prop_bufg_I_O)         0.026     0.884 r  clk_IBUF_BUFG_inst/O
                         net (fo=14, routed)          0.651     1.535    u_fir_filter/clk_IBUF_BUFG
    DSP48_X0Y14          DSP48E1                                      r  u_fir_filter/product_13/CLK
  -------------------------------------------------------------------    -------------------
    DSP48_X0Y14          DSP48E1 (Prop_dsp48e1_CLK_ACOUT[17])
                                                      0.493     2.028 r  u_fir_filter/product_13/ACOUT[17]
                         net (fo=1, routed)           0.002     2.030    u_fir_filter/product_13_n_36
    DSP48_X0Y15          DSP48E1                                      r  u_fir_filter/product_14/ACIN[17]
  -------------------------------------------------------------------    -------------------

                         (clock sys_clk_pin rise edge)
                                                      0.000     0.000 r  <hidden>
    W5                                                0.000     0.000 r  clk
                         net (fo=0)                   0.000     0.000    clk
    W5                   IBUF (Prop_ibuf_I_O)         0.414     0.414 r  clk_IBUF_inst/O
                         net (fo=1, routed)           0.685     1.099    clk_IBUF
    BUFGCTRL_X0Y0        BUFG (Prop_bufg_I_O)         0.029     1.128 r  clk_IBUF_BUFG_inst/O
                         net (fo=14, routed)          0.923     2.051    u_fir_filter/clk_IBUF_BUFG
    DSP48_X0Y15          DSP48E1                                      r  u_fir_filter/product_14/CLK
                         clock pessimism             -0.498     1.553    <hidden>
    DSP48_X0Y15          DSP48E1 (Hold_dsp48e1_CLK_ACIN[17])
                                                      0.066     1.619    u_fir_filter/product_14
  -------------------------------------------------------------------
                         required time                         -1.619    <hidden>
                         arrival time                           2.030    <hidden>
  -------------------------------------------------------------------
                         slack                                  0.411    <hidden>

Slack (MET) :             0.411ns  (arrival time - required time)
  Source:                 u_fir_filter/product_13/CLK
                            (rising edge-triggered cell DSP48E1 clocked by sys_clk_pin  {rise@0.000ns fall@5.000ns period=10.000ns})
  Destination:            u_fir_filter/product_14/ACIN[18]
                            (rising edge-triggered cell DSP48E1 clocked by sys_clk_pin  {rise@0.000ns fall@5.000ns period=10.000ns})
  Path Group:             sys_clk_pin
  Path Type:              Hold (Min at Fast Process Corner)
  Requirement:            0.000ns  (sys_clk_pin rise@0.000ns - sys_clk_pin rise@0.000ns)
  Data Path Delay:        0.495ns  (logic 0.493ns (99.596%)  route 0.002ns (0.404%))
  Logic Levels:           0  
  Clock Path Skew:        0.018ns (DCD - SCD - CPR)
    Destination Clock Delay (DCD):    2.051ns
    Source Clock Delay      (SCD):    1.535ns
    Clock Pessimism Removal (CPR):    0.498ns

    Location             Delay type                Incr(ns)  Path(ns)    Netlist Resource(s)
  -------------------------------------------------------------------    -------------------
                         (clock sys_clk_pin rise edge)
                                                      0.000     0.000 r  <hidden>
    W5                                                0.000     0.000 r  clk
                         net (fo=0)                   0.000     0.000    clk
    W5                   IBUF (Prop_ibuf_I_O)         0.226     0.226 r  clk_IBUF_inst/O
                         net (fo=1, routed)           0.631     0.858    clk_IBUF
    BUFGCTRL_X0Y0        BUFG (Prop_bufg_I_O)         0.026     0.884 r  clk_IBUF_BUFG_inst/O
                         net (fo=14, routed)          0.651     1.535    u_fir_filter/clk_IBUF_BUFG
    DSP48_X0Y14          DSP48E1                                      r  u_fir_filter/product_13/CLK
  -------------------------------------------------------------------    -------------------
    DSP48_X0Y14          DSP48E1 (Prop_dsp48e1_CLK_ACOUT[18])
                                                      0.493     2.028 r  u_fir_filter/product_13/ACOUT[18]
                         net (fo=1, routed)           0.002     2.030    u_fir_filter/product_13_n_35
    DSP48_X0Y15          DSP48E1                                      r  u_fir_filter/product_14/ACIN[18]
  -------------------------------------------------------------------    -------------------

                         (clock sys_clk_pin rise edge)
                                                      0.000     0.000 r  <hidden>
    W5                                                0.000     0.000 r  clk
                         net (fo=0)                   0.000     0.000    clk
    W5                   IBUF (Prop_ibuf_I_O)         0.414     0.414 r  clk_IBUF_inst/O
                         net (fo=1, routed)           0.685     1.099    clk_IBUF
    BUFGCTRL_X0Y0        BUFG (Prop_bufg_I_O)         0.029     1.128 r  clk_IBUF_BUFG_inst/O
                         net (fo=14, routed)          0.923     2.051    u_fir_filter/clk_IBUF_BUFG
    DSP48_X0Y15          DSP48E1                                      r  u_fir_filter/product_14/CLK
                         clock pessimism             -0.498     1.553    <hidden>
    DSP48_X0Y15          DSP48E1 (Hold_dsp48e1_CLK_ACIN[18])
                                                      0.066     1.619    u_fir_filter/product_14
  -------------------------------------------------------------------
                         required time                         -1.619    <hidden>
                         arrival time                           2.030    <hidden>
  -------------------------------------------------------------------
                         slack                                  0.411    <hidden>





Pulse Width Checks
--------------------------------------------------------------------------------------
Clock Name:         sys_clk_pin
Waveform(ns):       { 0.000 5.000 }
Period(ns):         10.000
Sources:            { clk }

Check Type  Corner  Lib Pin      Reference Pin  Required(ns)  Actual(ns)  Slack(ns)  Location       Pin
Min Period  n/a     BUFG/I       n/a            2.155         10.000      7.845      BUFGCTRL_X0Y0  clk_IBUF_BUFG_inst/I
Min Period  n/a     DSP48E1/CLK  n/a            2.154         10.000      7.846      DSP48_X0Y17    u_fir_filter/product_1/CLK
Min Period  n/a     DSP48E1/CLK  n/a            2.154         10.000      7.846      DSP48_X0Y14    u_fir_filter/product_13/CLK
Min Period  n/a     DSP48E1/CLK  n/a            2.154         10.000      7.846      DSP48_X0Y5     u_fir_filter/product_2/CLK
Min Period  n/a     DSP48E1/CLK  n/a            2.154         10.000      7.846      DSP48_X0Y6     u_fir_filter/product_4/CLK



--------------------------------------------------------------------------------------
Path Group:  (none)
From Clock:  
  To Clock:  

Max Delay             1 Endpoint
Min Delay             1 Endpoint
--------------------------------------------------------------------------------------


Max Delay Paths
--------------------------------------------------------------------------------------
Slack:                    inf
  Source:                 input_valid
                            (input port)
  Destination:            output_valid
                            (output port)
  Path Group:             (none)
  Path Type:              Max at Slow Process Corner
  Data Path Delay:        6.904ns  (logic 4.960ns (71.838%)  route 1.944ns (28.162%))
  Logic Levels:           2  (IBUF=1 OBUF=1)

    Location             Delay type                Incr(ns)  Path(ns)    Netlist Resource(s)
  -------------------------------------------------------------------    -------------------
    T18                                               0.000     0.000 r  input_valid
                         net (fo=0)                   0.000     0.000    input_valid
    T18                  IBUF (Prop_ibuf_I_O)         1.454     1.454 r  input_valid_IBUF_inst/O
                         net (fo=19, routed)          1.944     3.398    output_valid_OBUF
    T17                  OBUF (Prop_obuf_I_O)         3.506     6.904 r  output_valid_OBUF_inst/O
                         net (fo=0)                   0.000     6.904    output_valid
    T17                                                               r  output_valid
  -------------------------------------------------------------------    -------------------





Min Delay Paths
--------------------------------------------------------------------------------------
Slack:                    inf
  Source:                 input_valid
                            (input port)
  Destination:            output_valid
                            (output port)
  Path Group:             (none)
  Path Type:              Min at Fast Process Corner
  Data Path Delay:        1.805ns  (logic 1.429ns (79.155%)  route 0.376ns (20.845%))
  Logic Levels:           2  (IBUF=1 OBUF=1)

    Location             Delay type                Incr(ns)  Path(ns)    Netlist Resource(s)
  -------------------------------------------------------------------    -------------------
    T18                                               0.000     0.000 r  input_valid
                         net (fo=0)                   0.000     0.000    input_valid
    T18                  IBUF (Prop_ibuf_I_O)         0.222     0.222 r  input_valid_IBUF_inst/O
                         net (fo=19, routed)          0.376     0.598    output_valid_OBUF
    T17                  OBUF (Prop_obuf_I_O)         1.207     1.805 r  output_valid_OBUF_inst/O
                         net (fo=0)                   0.000     1.805    output_valid
    T17                                                               r  output_valid
  -------------------------------------------------------------------    -------------------





--------------------------------------------------------------------------------------
Path Group:  (none)
From Clock:  sys_clk_pin
  To Clock:  

Max Delay            16 Endpoints
Min Delay            16 Endpoints
--------------------------------------------------------------------------------------


Max Delay Paths
--------------------------------------------------------------------------------------
Slack:                    inf
  Source:                 u_fir_filter/product_0/CLK
                            (rising edge-triggered cell DSP48E1 clocked by sys_clk_pin  {rise@0.000ns fall@5.000ns period=10.000ns})
  Destination:            output_data[15]
                            (output port)
  Path Group:             (none)
  Path Type:              Max at Slow Process Corner
  Data Path Delay:        29.268ns  (logic 14.075ns (48.091%)  route 15.193ns (51.909%))
  Logic Levels:           23  (CARRY4=13 LUT1=1 LUT3=4 LUT4=2 LUT5=1 LUT6=1 OBUF=1)
  Clock Uncertainty:      0.025ns  ((TSJ^2 + TIJ^2)^1/2 + DJ) / 2 + PE
    Total System Jitter     (TSJ):    0.050ns
    Total Input Jitter      (TIJ):    0.000ns
    Discrete Jitter          (DJ):    0.000ns
    Phase Error              (PE):    0.000ns

    Location             Delay type                Incr(ns)  Path(ns)    Netlist Resource(s)
  -------------------------------------------------------------------    -------------------
                         (clock sys_clk_pin rise edge)
                                                      0.000     0.000 r  <hidden>
    W5                                                0.000     0.000 r  clk
                         net (fo=0)                   0.000     0.000    clk
    W5                   IBUF (Prop_ibuf_I_O)         1.458     1.458 r  clk_IBUF_inst/O
                         net (fo=1, routed)           1.967     3.425    clk_IBUF
    BUFGCTRL_X0Y0        BUFG (Prop_bufg_I_O)         0.096     3.521 r  clk_IBUF_BUFG_inst/O
                         net (fo=14, routed)          1.656     5.177    u_fir_filter/clk_IBUF_BUFG
    DSP48_X0Y4           DSP48E1                                      r  u_fir_filter/product_0/CLK
  -------------------------------------------------------------------    -------------------
    DSP48_X0Y4           DSP48E1 (Prop_dsp48e1_CLK_P[3])
                                                      4.009     9.186 r  u_fir_filter/product_0/P[3]
                         net (fo=2, routed)           2.042    11.228    u_fir_filter/product_0_n_102
    SLICE_X8Y31          LUT3 (Prop_lut3_I0_O)        0.157    11.385 r  u_fir_filter/filter_out3__0_carry__0_i_4/O
                         net (fo=2, routed)           0.862    12.247    u_fir_filter/filter_out3__0_carry__0_i_4_n_0
    SLICE_X8Y32          LUT4 (Prop_lut4_I3_O)        0.355    12.602 r  u_fir_filter/filter_out3__0_carry__0_i_8/O
                         net (fo=1, routed)           0.000    12.602    u_fir_filter/filter_out3__0_carry__0_i_8_n_0
    SLICE_X8Y32          CARRY4 (Prop_carry4_S[0]_CO[3])
                                                      0.513    13.115 r  u_fir_filter/filter_out3__0_carry__0/CO[3]
                         net (fo=1, routed)           0.000    13.115    u_fir_filter/filter_out3__0_carry__0_n_0
    SLICE_X8Y33          CARRY4 (Prop_carry4_CI_CO[3])
                                                      0.117    13.232 r  u_fir_filter/filter_out3__0_carry__1/CO[3]
                         net (fo=1, routed)           0.000    13.232    u_fir_filter/filter_out3__0_carry__1_n_0
    SLICE_X8Y34          CARRY4 (Prop_carry4_CI_CO[3])
                                                      0.117    13.349 r  u_fir_filter/filter_out3__0_carry__2/CO[3]
                         net (fo=1, routed)           0.000    13.349    u_fir_filter/filter_out3__0_carry__2_n_0
    SLICE_X8Y35          CARRY4 (Prop_carry4_CI_O[0])
                                                      0.219    13.568 r  u_fir_filter/filter_out3__0_carry__3/O[0]
                         net (fo=2, routed)           0.798    14.366    u_fir_filter/filter_out3__0_carry__3_n_7
    SLICE_X9Y34          LUT3 (Prop_lut3_I2_O)        0.323    14.689 r  u_fir_filter/filter_out3__448_carry__3_i_3/O
                         net (fo=2, routed)           1.298    15.987    u_fir_filter/filter_out3__448_carry__3_i_3_n_0
    SLICE_X9Y34          LUT4 (Prop_lut4_I3_O)        0.326    16.313 r  u_fir_filter/filter_out3__448_carry__3_i_7/O
                         net (fo=1, routed)           0.000    16.313    u_fir_filter/filter_out3__448_carry__3_i_7_n_0
    SLICE_X9Y34          CARRY4 (Prop_carry4_S[1]_CO[3])
                                                      0.550    16.863 r  u_fir_filter/filter_out3__448_carry__3/CO[3]
                         net (fo=1, routed)           0.000    16.863    u_fir_filter/filter_out3__448_carry__3_n_0
    SLICE_X9Y35          CARRY4 (Prop_carry4_CI_CO[3])
                                                      0.114    16.977 r  u_fir_filter/filter_out3__448_carry__4/CO[3]
                         net (fo=1, routed)           0.000    16.977    u_fir_filter/filter_out3__448_carry__4_n_0
    SLICE_X9Y36          CARRY4 (Prop_carry4_CI_CO[3])
                                                      0.114    17.091 r  u_fir_filter/filter_out3__448_carry__5/CO[3]
                         net (fo=1, routed)           0.000    17.091    u_fir_filter/filter_out3__448_carry__5_n_0
    SLICE_X9Y37          CARRY4 (Prop_carry4_CI_O[1])
                                                      0.334    17.425 r  u_fir_filter/filter_out3__448_carry__6/O[1]
                         net (fo=3, routed)           1.326    18.751    u_fir_filter/filter_out3__448_carry__6_n_6
    SLICE_X14Y31         LUT3 (Prop_lut3_I2_O)        0.329    19.080 r  u_fir_filter/filter_out3__561_carry__6_i_9/O
                         net (fo=2, routed)           0.802    19.881    u_fir_filter/filter_out3__561_carry__6_i_9_n_0
    SLICE_X13Y31         LUT5 (Prop_lut5_I4_O)        0.328    20.209 r  u_fir_filter/filter_out3__561_carry__6_i_2/O
                         net (fo=2, routed)           0.882    21.091    u_fir_filter/filter_out3__561_carry__6_i_2_n_0
    SLICE_X12Y31         LUT6 (Prop_lut6_I0_O)        0.124    21.215 r  u_fir_filter/filter_out3__561_carry__6_i_6/O
                         net (fo=1, routed)           0.000    21.215    u_fir_filter/filter_out3__561_carry__6_i_6_n_0
    SLICE_X12Y31         CARRY4 (Prop_carry4_S[2]_CO[3])
                                                      0.380    21.595 r  u_fir_filter/filter_out3__561_carry__6/CO[3]
                         net (fo=1, routed)           0.000    21.595    u_fir_filter/filter_out3__561_carry__6_n_0
    SLICE_X12Y32         CARRY4 (Prop_carry4_CI_CO[3])
                                                      0.117    21.712 r  u_fir_filter/filter_out3__561_carry__7/CO[3]
                         net (fo=1, routed)           0.000    21.712    u_fir_filter/filter_out3__561_carry__7_n_0
    SLICE_X12Y33         CARRY4 (Prop_carry4_CI_O[3])
                                                      0.315    22.027 f  u_fir_filter/filter_out3__561_carry__8/O[3]
                         net (fo=30, routed)          1.376    23.403    u_fir_filter/p_0_in0
    SLICE_X12Y36         LUT1 (Prop_lut1_I0_O)        0.307    23.710 r  u_fir_filter/i__carry__1_i_3/O
                         net (fo=1, routed)           0.000    23.710    u_fir_filter/i__carry__1_i_3_n_0
    SLICE_X12Y36         CARRY4 (Prop_carry4_S[1]_CO[3])
                                                      0.533    24.243 r  u_fir_filter/filter_out1_inferred__0/i__carry__1/CO[3]
                         net (fo=1, routed)           0.000    24.243    u_fir_filter/filter_out1_inferred__0/i__carry__1_n_0
    SLICE_X12Y37         CARRY4 (Prop_carry4_CI_CO[0])
                                                      0.254    24.497 f  u_fir_filter/filter_out1_inferred__0/i__carry__2/CO[0]
                         net (fo=16, routed)          1.107    25.604    u_fir_filter/filter_out10_in
    SLICE_X14Y34         LUT3 (Prop_lut3_I1_O)        0.395    25.999 r  u_fir_filter/output_data_OBUF[15]_inst_i_1/O
                         net (fo=1, routed)           4.701    30.700    output_data_OBUF[15]
    L1                   OBUF (Prop_obuf_I_O)         3.745    34.445 r  output_data_OBUF[15]_inst/O
                         net (fo=0)                   0.000    34.445    output_data[15]
    L1                                                                r  output_data[15]
  -------------------------------------------------------------------    -------------------

Slack:                    inf
  Source:                 u_fir_filter/product_0/CLK
                            (rising edge-triggered cell DSP48E1 clocked by sys_clk_pin  {rise@0.000ns fall@5.000ns period=10.000ns})
  Destination:            output_data[13]
                            (output port)
  Path Group:             (none)
  Path Type:              Max at Slow Process Corner
  Data Path Delay:        28.850ns  (logic 14.039ns (48.664%)  route 14.810ns (51.336%))
  Logic Levels:           23  (CARRY4=13 LUT1=1 LUT3=4 LUT4=2 LUT5=1 LUT6=1 OBUF=1)
  Clock Uncertainty:      0.025ns  ((TSJ^2 + TIJ^2)^1/2 + DJ) / 2 + PE
    Total System Jitter     (TSJ):    0.050ns
    Total Input Jitter      (TIJ):    0.000ns
    Discrete Jitter          (DJ):    0.000ns
    Phase Error              (PE):    0.000ns

    Location             Delay type                Incr(ns)  Path(ns)    Netlist Resource(s)
  -------------------------------------------------------------------    -------------------
                         (clock sys_clk_pin rise edge)
                                                      0.000     0.000 r  <hidden>
    W5                                                0.000     0.000 r  clk
                         net (fo=0)                   0.000     0.000    clk
    W5                   IBUF (Prop_ibuf_I_O)         1.458     1.458 r  clk_IBUF_inst/O
                         net (fo=1, routed)           1.967     3.425    clk_IBUF
    BUFGCTRL_X0Y0        BUFG (Prop_bufg_I_O)         0.096     3.521 r  clk_IBUF_BUFG_inst/O
                         net (fo=14, routed)          1.656     5.177    u_fir_filter/clk_IBUF_BUFG
    DSP48_X0Y4           DSP48E1                                      r  u_fir_filter/product_0/CLK
  -------------------------------------------------------------------    -------------------
    DSP48_X0Y4           DSP48E1 (Prop_dsp48e1_CLK_P[3])
                                                      4.009     9.186 r  u_fir_filter/product_0/P[3]
                         net (fo=2, routed)           2.042    11.228    u_fir_filter/product_0_n_102
    SLICE_X8Y31          LUT3 (Prop_lut3_I0_O)        0.157    11.385 r  u_fir_filter/filter_out3__0_carry__0_i_4/O
                         net (fo=2, routed)           0.862    12.247    u_fir_filter/filter_out3__0_carry__0_i_4_n_0
    SLICE_X8Y32          LUT4 (Prop_lut4_I3_O)        0.355    12.602 r  u_fir_filter/filter_out3__0_carry__0_i_8/O
                         net (fo=1, routed)           0.000    12.602    u_fir_filter/filter_out3__0_carry__0_i_8_n_0
    SLICE_X8Y32          CARRY4 (Prop_carry4_S[0]_CO[3])
                                                      0.513    13.115 r  u_fir_filter/filter_out3__0_carry__0/CO[3]
                         net (fo=1, routed)           0.000    13.115    u_fir_filter/filter_out3__0_carry__0_n_0
    SLICE_X8Y33          CARRY4 (Prop_carry4_CI_CO[3])
                                                      0.117    13.232 r  u_fir_filter/filter_out3__0_carry__1/CO[3]
                         net (fo=1, routed)           0.000    13.232    u_fir_filter/filter_out3__0_carry__1_n_0
    SLICE_X8Y34          CARRY4 (Prop_carry4_CI_CO[3])
                                                      0.117    13.349 r  u_fir_filter/filter_out3__0_carry__2/CO[3]
                         net (fo=1, routed)           0.000    13.349    u_fir_filter/filter_out3__0_carry__2_n_0
    SLICE_X8Y35          CARRY4 (Prop_carry4_CI_O[0])
                                                      0.219    13.568 r  u_fir_filter/filter_out3__0_carry__3/O[0]
                         net (fo=2, routed)           0.798    14.366    u_fir_filter/filter_out3__0_carry__3_n_7
    SLICE_X9Y34          LUT3 (Prop_lut3_I2_O)        0.323    14.689 r  u_fir_filter/filter_out3__448_carry__3_i_3/O
                         net (fo=2, routed)           1.298    15.987    u_fir_filter/filter_out3__448_carry__3_i_3_n_0
    SLICE_X9Y34          LUT4 (Prop_lut4_I3_O)        0.326    16.313 r  u_fir_filter/filter_out3__448_carry__3_i_7/O
                         net (fo=1, routed)           0.000    16.313    u_fir_filter/filter_out3__448_carry__3_i_7_n_0
    SLICE_X9Y34          CARRY4 (Prop_carry4_S[1]_CO[3])
                                                      0.550    16.863 r  u_fir_filter/filter_out3__448_carry__3/CO[3]
                         net (fo=1, routed)           0.000    16.863    u_fir_filter/filter_out3__448_carry__3_n_0
    SLICE_X9Y35          CARRY4 (Prop_carry4_CI_CO[3])
                                                      0.114    16.977 r  u_fir_filter/filter_out3__448_carry__4/CO[3]
                         net (fo=1, routed)           0.000    16.977    u_fir_filter/filter_out3__448_carry__4_n_0
    SLICE_X9Y36          CARRY4 (Prop_carry4_CI_CO[3])
                                                      0.114    17.091 r  u_fir_filter/filter_out3__448_carry__5/CO[3]
                         net (fo=1, routed)           0.000    17.091    u_fir_filter/filter_out3__448_carry__5_n_0
    SLICE_X9Y37          CARRY4 (Prop_carry4_CI_O[1])
                                                      0.334    17.425 r  u_fir_filter/filter_out3__448_carry__6/O[1]
                         net (fo=3, routed)           1.326    18.751    u_fir_filter/filter_out3__448_carry__6_n_6
    SLICE_X14Y31         LUT3 (Prop_lut3_I2_O)        0.329    19.080 r  u_fir_filter/filter_out3__561_carry__6_i_9/O
                         net (fo=2, routed)           0.802    19.881    u_fir_filter/filter_out3__561_carry__6_i_9_n_0
    SLICE_X13Y31         LUT5 (Prop_lut5_I4_O)        0.328    20.209 r  u_fir_filter/filter_out3__561_carry__6_i_2/O
                         net (fo=2, routed)           0.882    21.091    u_fir_filter/filter_out3__561_carry__6_i_2_n_0
    SLICE_X12Y31         LUT6 (Prop_lut6_I0_O)        0.124    21.215 r  u_fir_filter/filter_out3__561_carry__6_i_6/O
                         net (fo=1, routed)           0.000    21.215    u_fir_filter/filter_out3__561_carry__6_i_6_n_0
    SLICE_X12Y31         CARRY4 (Prop_carry4_S[2]_CO[3])
                                                      0.380    21.595 r  u_fir_filter/filter_out3__561_carry__6/CO[3]
                         net (fo=1, routed)           0.000    21.595    u_fir_filter/filter_out3__561_carry__6_n_0
    SLICE_X12Y32         CARRY4 (Prop_carry4_CI_CO[3])
                                                      0.117    21.712 r  u_fir_filter/filter_out3__561_carry__7/CO[3]
                         net (fo=1, routed)           0.000    21.712    u_fir_filter/filter_out3__561_carry__7_n_0
    SLICE_X12Y33         CARRY4 (Prop_carry4_CI_O[3])
                                                      0.315    22.027 f  u_fir_filter/filter_out3__561_carry__8/O[3]
                         net (fo=30, routed)          1.376    23.403    u_fir_filter/p_0_in0
    SLICE_X12Y36         LUT1 (Prop_lut1_I0_O)        0.307    23.710 r  u_fir_filter/i__carry__1_i_3/O
                         net (fo=1, routed)           0.000    23.710    u_fir_filter/i__carry__1_i_3_n_0
    SLICE_X12Y36         CARRY4 (Prop_carry4_S[1]_CO[3])
                                                      0.533    24.243 r  u_fir_filter/filter_out1_inferred__0/i__carry__1/CO[3]
                         net (fo=1, routed)           0.000    24.243    u_fir_filter/filter_out1_inferred__0/i__carry__1_n_0
    SLICE_X12Y37         CARRY4 (Prop_carry4_CI_CO[0])
                                                      0.254    24.497 r  u_fir_filter/filter_out1_inferred__0/i__carry__2/CO[0]
                         net (fo=16, routed)          1.117    25.614    u_fir_filter/filter_out10_in
    SLICE_X14Y34         LUT3 (Prop_lut3_I2_O)        0.393    26.007 r  u_fir_filter/output_data_OBUF[13]_inst_i_1/O
                         net (fo=1, routed)           4.308    30.315    output_data_OBUF[13]
    N3                   OBUF (Prop_obuf_I_O)         3.711    34.026 r  output_data_OBUF[13]_inst/O
                         net (fo=0)                   0.000    34.026    output_data[13]
    N3                                                                r  output_data[13]
  -------------------------------------------------------------------    -------------------

Slack:                    inf
  Source:                 u_fir_filter/product_0/CLK
                            (rising edge-triggered cell DSP48E1 clocked by sys_clk_pin  {rise@0.000ns fall@5.000ns period=10.000ns})
  Destination:            output_data[12]
                            (output port)
  Path Group:             (none)
  Path Type:              Max at Slow Process Corner
  Data Path Delay:        28.617ns  (logic 13.820ns (48.294%)  route 14.797ns (51.706%))
  Logic Levels:           23  (CARRY4=13 LUT1=1 LUT3=4 LUT4=2 LUT5=1 LUT6=1 OBUF=1)
  Clock Uncertainty:      0.025ns  ((TSJ^2 + TIJ^2)^1/2 + DJ) / 2 + PE
    Total System Jitter     (TSJ):    0.050ns
    Total Input Jitter      (TIJ):    0.000ns
    Discrete Jitter          (DJ):    0.000ns
    Phase Error              (PE):    0.000ns

    Location             Delay type                Incr(ns)  Path(ns)    Netlist Resource(s)
  -------------------------------------------------------------------    -------------------
                         (clock sys_clk_pin rise edge)
                                                      0.000     0.000 r  <hidden>
    W5                                                0.000     0.000 r  clk
                         net (fo=0)                   0.000     0.000    clk
    W5                   IBUF (Prop_ibuf_I_O)         1.458     1.458 r  clk_IBUF_inst/O
                         net (fo=1, routed)           1.967     3.425    clk_IBUF
    BUFGCTRL_X0Y0        BUFG (Prop_bufg_I_O)         0.096     3.521 r  clk_IBUF_BUFG_inst/O
                         net (fo=14, routed)          1.656     5.177    u_fir_filter/clk_IBUF_BUFG
    DSP48_X0Y4           DSP48E1                                      r  u_fir_filter/product_0/CLK
  -------------------------------------------------------------------    -------------------
    DSP48_X0Y4           DSP48E1 (Prop_dsp48e1_CLK_P[3])
                                                      4.009     9.186 r  u_fir_filter/product_0/P[3]
                         net (fo=2, routed)           2.042    11.228    u_fir_filter/product_0_n_102
    SLICE_X8Y31          LUT3 (Prop_lut3_I0_O)        0.157    11.385 r  u_fir_filter/filter_out3__0_carry__0_i_4/O
                         net (fo=2, routed)           0.862    12.247    u_fir_filter/filter_out3__0_carry__0_i_4_n_0
    SLICE_X8Y32          LUT4 (Prop_lut4_I3_O)        0.355    12.602 r  u_fir_filter/filter_out3__0_carry__0_i_8/O
                         net (fo=1, routed)           0.000    12.602    u_fir_filter/filter_out3__0_carry__0_i_8_n_0
    SLICE_X8Y32          CARRY4 (Prop_carry4_S[0]_CO[3])
                                                      0.513    13.115 r  u_fir_filter/filter_out3__0_carry__0/CO[3]
                         net (fo=1, routed)           0.000    13.115    u_fir_filter/filter_out3__0_carry__0_n_0
    SLICE_X8Y33          CARRY4 (Prop_carry4_CI_CO[3])
                                                      0.117    13.232 r  u_fir_filter/filter_out3__0_carry__1/CO[3]
                         net (fo=1, routed)           0.000    13.232    u_fir_filter/filter_out3__0_carry__1_n_0
    SLICE_X8Y34          CARRY4 (Prop_carry4_CI_CO[3])
                                                      0.117    13.349 r  u_fir_filter/filter_out3__0_carry__2/CO[3]
                         net (fo=1, routed)           0.000    13.349    u_fir_filter/filter_out3__0_carry__2_n_0
    SLICE_X8Y35          CARRY4 (Prop_carry4_CI_O[0])
                                                      0.219    13.568 r  u_fir_filter/filter_out3__0_carry__3/O[0]
                         net (fo=2, routed)           0.798    14.366    u_fir_filter/filter_out3__0_carry__3_n_7
    SLICE_X9Y34          LUT3 (Prop_lut3_I2_O)        0.323    14.689 r  u_fir_filter/filter_out3__448_carry__3_i_3/O
                         net (fo=2, routed)           1.298    15.987    u_fir_filter/filter_out3__448_carry__3_i_3_n_0
    SLICE_X9Y34          LUT4 (Prop_lut4_I3_O)        0.326    16.313 r  u_fir_filter/filter_out3__448_carry__3_i_7/O
                         net (fo=1, routed)           0.000    16.313    u_fir_filter/filter_out3__448_carry__3_i_7_n_0
    SLICE_X9Y34          CARRY4 (Prop_carry4_S[1]_CO[3])
                                                      0.550    16.863 r  u_fir_filter/filter_out3__448_carry__3/CO[3]
                         net (fo=1, routed)           0.000    16.863    u_fir_filter/filter_out3__448_carry__3_n_0
    SLICE_X9Y35          CARRY4 (Prop_carry4_CI_CO[3])
                                                      0.114    16.977 r  u_fir_filter/filter_out3__448_carry__4/CO[3]
                         net (fo=1, routed)           0.000    16.977    u_fir_filter/filter_out3__448_carry__4_n_0
    SLICE_X9Y36          CARRY4 (Prop_carry4_CI_CO[3])
                                                      0.114    17.091 r  u_fir_filter/filter_out3__448_carry__5/CO[3]
                         net (fo=1, routed)           0.000    17.091    u_fir_filter/filter_out3__448_carry__5_n_0
    SLICE_X9Y37          CARRY4 (Prop_carry4_CI_O[1])
                                                      0.334    17.425 r  u_fir_filter/filter_out3__448_carry__6/O[1]
                         net (fo=3, routed)           1.326    18.751    u_fir_filter/filter_out3__448_carry__6_n_6
    SLICE_X14Y31         LUT3 (Prop_lut3_I2_O)        0.329    19.080 r  u_fir_filter/filter_out3__561_carry__6_i_9/O
                         net (fo=2, routed)           0.802    19.881    u_fir_filter/filter_out3__561_carry__6_i_9_n_0
    SLICE_X13Y31         LUT5 (Prop_lut5_I4_O)        0.328    20.209 r  u_fir_filter/filter_out3__561_carry__6_i_2/O
                         net (fo=2, routed)           0.882    21.091    u_fir_filter/filter_out3__561_carry__6_i_2_n_0
    SLICE_X12Y31         LUT6 (Prop_lut6_I0_O)        0.124    21.215 r  u_fir_filter/filter_out3__561_carry__6_i_6/O
                         net (fo=1, routed)           0.000    21.215    u_fir_filter/filter_out3__561_carry__6_i_6_n_0
    SLICE_X12Y31         CARRY4 (Prop_carry4_S[2]_CO[3])
                                                      0.380    21.595 r  u_fir_filter/filter_out3__561_carry__6/CO[3]
                         net (fo=1, routed)           0.000    21.595    u_fir_filter/filter_out3__561_carry__6_n_0
    SLICE_X12Y32         CARRY4 (Prop_carry4_CI_CO[3])
                                                      0.117    21.712 r  u_fir_filter/filter_out3__561_carry__7/CO[3]
                         net (fo=1, routed)           0.000    21.712    u_fir_filter/filter_out3__561_carry__7_n_0
    SLICE_X12Y33         CARRY4 (Prop_carry4_CI_O[3])
                                                      0.315    22.027 f  u_fir_filter/filter_out3__561_carry__8/O[3]
                         net (fo=30, routed)          1.376    23.403    u_fir_filter/p_0_in0
    SLICE_X12Y36         LUT1 (Prop_lut1_I0_O)        0.307    23.710 r  u_fir_filter/i__carry__1_i_3/O
                         net (fo=1, routed)           0.000    23.710    u_fir_filter/i__carry__1_i_3_n_0
    SLICE_X12Y36         CARRY4 (Prop_carry4_S[1]_CO[3])
                                                      0.533    24.243 r  u_fir_filter/filter_out1_inferred__0/i__carry__1/CO[3]
                         net (fo=1, routed)           0.000    24.243    u_fir_filter/filter_out1_inferred__0/i__carry__1_n_0
    SLICE_X12Y37         CARRY4 (Prop_carry4_CI_CO[0])
                                                      0.254    24.497 r  u_fir_filter/filter_out1_inferred__0/i__carry__2/CO[0]
                         net (fo=16, routed)          1.117    25.614    u_fir_filter/filter_out10_in
    SLICE_X14Y34         LUT3 (Prop_lut3_I2_O)        0.367    25.981 r  u_fir_filter/output_data_OBUF[12]_inst_i_1/O
                         net (fo=1, routed)           4.295    30.275    output_data_OBUF[12]
    P3                   OBUF (Prop_obuf_I_O)         3.518    33.793 r  output_data_OBUF[12]_inst/O
                         net (fo=0)                   0.000    33.793    output_data[12]
    P3                                                                r  output_data[12]
  -------------------------------------------------------------------    -------------------

Slack:                    inf
  Source:                 u_fir_filter/product_0/CLK
                            (rising edge-triggered cell DSP48E1 clocked by sys_clk_pin  {rise@0.000ns fall@5.000ns period=10.000ns})
  Destination:            output_data[9]
                            (output port)
  Path Group:             (none)
  Path Type:              Max at Slow Process Corner
  Data Path Delay:        28.323ns  (logic 14.038ns (49.565%)  route 14.284ns (50.435%))
  Logic Levels:           23  (CARRY4=13 LUT1=1 LUT3=4 LUT4=2 LUT5=1 LUT6=1 OBUF=1)
  Clock Uncertainty:      0.025ns  ((TSJ^2 + TIJ^2)^1/2 + DJ) / 2 + PE
    Total System Jitter     (TSJ):    0.050ns
    Total Input Jitter      (TIJ):    0.000ns
    Discrete Jitter          (DJ):    0.000ns
    Phase Error              (PE):    0.000ns

    Location             Delay type                Incr(ns)  Path(ns)    Netlist Resource(s)
  -------------------------------------------------------------------    -------------------
                         (clock sys_clk_pin rise edge)
                                                      0.000     0.000 r  <hidden>
    W5                                                0.000     0.000 r  clk
                         net (fo=0)                   0.000     0.000    clk
    W5                   IBUF (Prop_ibuf_I_O)         1.458     1.458 r  clk_IBUF_inst/O
                         net (fo=1, routed)           1.967     3.425    clk_IBUF
    BUFGCTRL_X0Y0        BUFG (Prop_bufg_I_O)         0.096     3.521 r  clk_IBUF_BUFG_inst/O
                         net (fo=14, routed)          1.656     5.177    u_fir_filter/clk_IBUF_BUFG
    DSP48_X0Y4           DSP48E1                                      r  u_fir_filter/product_0/CLK
  -------------------------------------------------------------------    -------------------
    DSP48_X0Y4           DSP48E1 (Prop_dsp48e1_CLK_P[3])
                                                      4.009     9.186 r  u_fir_filter/product_0/P[3]
                         net (fo=2, routed)           2.042    11.228    u_fir_filter/product_0_n_102
    SLICE_X8Y31          LUT3 (Prop_lut3_I0_O)        0.157    11.385 r  u_fir_filter/filter_out3__0_carry__0_i_4/O
                         net (fo=2, routed)           0.862    12.247    u_fir_filter/filter_out3__0_carry__0_i_4_n_0
    SLICE_X8Y32          LUT4 (Prop_lut4_I3_O)        0.355    12.602 r  u_fir_filter/filter_out3__0_carry__0_i_8/O
                         net (fo=1, routed)           0.000    12.602    u_fir_filter/filter_out3__0_carry__0_i_8_n_0
    SLICE_X8Y32          CARRY4 (Prop_carry4_S[0]_CO[3])
                                                      0.513    13.115 r  u_fir_filter/filter_out3__0_carry__0/CO[3]
                         net (fo=1, routed)           0.000    13.115    u_fir_filter/filter_out3__0_carry__0_n_0
    SLICE_X8Y33          CARRY4 (Prop_carry4_CI_CO[3])
                                                      0.117    13.232 r  u_fir_filter/filter_out3__0_carry__1/CO[3]
                         net (fo=1, routed)           0.000    13.232    u_fir_filter/filter_out3__0_carry__1_n_0
    SLICE_X8Y34          CARRY4 (Prop_carry4_CI_CO[3])
                                                      0.117    13.349 r  u_fir_filter/filter_out3__0_carry__2/CO[3]
                         net (fo=1, routed)           0.000    13.349    u_fir_filter/filter_out3__0_carry__2_n_0
    SLICE_X8Y35          CARRY4 (Prop_carry4_CI_O[0])
                                                      0.219    13.568 r  u_fir_filter/filter_out3__0_carry__3/O[0]
                         net (fo=2, routed)           0.798    14.366    u_fir_filter/filter_out3__0_carry__3_n_7
    SLICE_X9Y34          LUT3 (Prop_lut3_I2_O)        0.323    14.689 r  u_fir_filter/filter_out3__448_carry__3_i_3/O
                         net (fo=2, routed)           1.298    15.987    u_fir_filter/filter_out3__448_carry__3_i_3_n_0
    SLICE_X9Y34          LUT4 (Prop_lut4_I3_O)        0.326    16.313 r  u_fir_filter/filter_out3__448_carry__3_i_7/O
                         net (fo=1, routed)           0.000    16.313    u_fir_filter/filter_out3__448_carry__3_i_7_n_0
    SLICE_X9Y34          CARRY4 (Prop_carry4_S[1]_CO[3])
                                                      0.550    16.863 r  u_fir_filter/filter_out3__448_carry__3/CO[3]
                         net (fo=1, routed)           0.000    16.863    u_fir_filter/filter_out3__448_carry__3_n_0
    SLICE_X9Y35          CARRY4 (Prop_carry4_CI_CO[3])
                                                      0.114    16.977 r  u_fir_filter/filter_out3__448_carry__4/CO[3]
                         net (fo=1, routed)           0.000    16.977    u_fir_filter/filter_out3__448_carry__4_n_0
    SLICE_X9Y36          CARRY4 (Prop_carry4_CI_CO[3])
                                                      0.114    17.091 r  u_fir_filter/filter_out3__448_carry__5/CO[3]
                         net (fo=1, routed)           0.000    17.091    u_fir_filter/filter_out3__448_carry__5_n_0
    SLICE_X9Y37          CARRY4 (Prop_carry4_CI_O[1])
                                                      0.334    17.425 r  u_fir_filter/filter_out3__448_carry__6/O[1]
                         net (fo=3, routed)           1.326    18.751    u_fir_filter/filter_out3__448_carry__6_n_6
    SLICE_X14Y31         LUT3 (Prop_lut3_I2_O)        0.329    19.080 r  u_fir_filter/filter_out3__561_carry__6_i_9/O
                         net (fo=2, routed)           0.802    19.881    u_fir_filter/filter_out3__561_carry__6_i_9_n_0
    SLICE_X13Y31         LUT5 (Prop_lut5_I4_O)        0.328    20.209 r  u_fir_filter/filter_out3__561_carry__6_i_2/O
                         net (fo=2, routed)           0.882    21.091    u_fir_filter/filter_out3__561_carry__6_i_2_n_0
    SLICE_X12Y31         LUT6 (Prop_lut6_I0_O)        0.124    21.215 r  u_fir_filter/filter_out3__561_carry__6_i_6/O
                         net (fo=1, routed)           0.000    21.215    u_fir_filter/filter_out3__561_carry__6_i_6_n_0
    SLICE_X12Y31         CARRY4 (Prop_carry4_S[2]_CO[3])
                                                      0.380    21.595 r  u_fir_filter/filter_out3__561_carry__6/CO[3]
                         net (fo=1, routed)           0.000    21.595    u_fir_filter/filter_out3__561_carry__6_n_0
    SLICE_X12Y32         CARRY4 (Prop_carry4_CI_CO[3])
                                                      0.117    21.712 r  u_fir_filter/filter_out3__561_carry__7/CO[3]
                         net (fo=1, routed)           0.000    21.712    u_fir_filter/filter_out3__561_carry__7_n_0
    SLICE_X12Y33         CARRY4 (Prop_carry4_CI_O[3])
                                                      0.315    22.027 f  u_fir_filter/filter_out3__561_carry__8/O[3]
                         net (fo=30, routed)          1.376    23.403    u_fir_filter/p_0_in0
    SLICE_X12Y36         LUT1 (Prop_lut1_I0_O)        0.307    23.710 r  u_fir_filter/i__carry__1_i_3/O
                         net (fo=1, routed)           0.000    23.710    u_fir_filter/i__carry__1_i_3_n_0
    SLICE_X12Y36         CARRY4 (Prop_carry4_S[1]_CO[3])
                                                      0.533    24.243 r  u_fir_filter/filter_out1_inferred__0/i__carry__1/CO[3]
                         net (fo=1, routed)           0.000    24.243    u_fir_filter/filter_out1_inferred__0/i__carry__1_n_0
    SLICE_X12Y37         CARRY4 (Prop_carry4_CI_CO[0])
                                                      0.254    24.497 r  u_fir_filter/filter_out1_inferred__0/i__carry__2/CO[0]
                         net (fo=16, routed)          1.541    26.038    u_fir_filter/filter_out10_in
    SLICE_X14Y30         LUT3 (Prop_lut3_I2_O)        0.391    26.429 r  u_fir_filter/output_data_OBUF[9]_inst_i_1/O
                         net (fo=1, routed)           3.358    29.787    output_data_OBUF[9]
    V3                   OBUF (Prop_obuf_I_O)         3.712    33.499 r  output_data_OBUF[9]_inst/O
                         net (fo=0)                   0.000    33.499    output_data[9]
    V3                                                                r  output_data[9]
  -------------------------------------------------------------------    -------------------

Slack:                    inf
  Source:                 u_fir_filter/product_0/CLK
                            (rising edge-triggered cell DSP48E1 clocked by sys_clk_pin  {rise@0.000ns fall@5.000ns period=10.000ns})
  Destination:            output_data[14]
                            (output port)
  Path Group:             (none)
  Path Type:              Max at Slow Process Corner
  Data Path Delay:        28.300ns  (logic 13.817ns (48.825%)  route 14.482ns (51.175%))
  Logic Levels:           23  (CARRY4=13 LUT1=1 LUT3=4 LUT4=2 LUT5=1 LUT6=1 OBUF=1)
  Clock Uncertainty:      0.025ns  ((TSJ^2 + TIJ^2)^1/2 + DJ) / 2 + PE
    Total System Jitter     (TSJ):    0.050ns
    Total Input Jitter      (TIJ):    0.000ns
    Discrete Jitter          (DJ):    0.000ns
    Phase Error              (PE):    0.000ns

    Location             Delay type                Incr(ns)  Path(ns)    Netlist Resource(s)
  -------------------------------------------------------------------    -------------------
                         (clock sys_clk_pin rise edge)
                                                      0.000     0.000 r  <hidden>
    W5                                                0.000     0.000 r  clk
                         net (fo=0)                   0.000     0.000    clk
    W5                   IBUF (Prop_ibuf_I_O)         1.458     1.458 r  clk_IBUF_inst/O
                         net (fo=1, routed)           1.967     3.425    clk_IBUF
    BUFGCTRL_X0Y0        BUFG (Prop_bufg_I_O)         0.096     3.521 r  clk_IBUF_BUFG_inst/O
                         net (fo=14, routed)          1.656     5.177    u_fir_filter/clk_IBUF_BUFG
    DSP48_X0Y4           DSP48E1                                      r  u_fir_filter/product_0/CLK
  -------------------------------------------------------------------    -------------------
    DSP48_X0Y4           DSP48E1 (Prop_dsp48e1_CLK_P[3])
                                                      4.009     9.186 r  u_fir_filter/product_0/P[3]
                         net (fo=2, routed)           2.042    11.228    u_fir_filter/product_0_n_102
    SLICE_X8Y31          LUT3 (Prop_lut3_I0_O)        0.157    11.385 r  u_fir_filter/filter_out3__0_carry__0_i_4/O
                         net (fo=2, routed)           0.862    12.247    u_fir_filter/filter_out3__0_carry__0_i_4_n_0
    SLICE_X8Y32          LUT4 (Prop_lut4_I3_O)        0.355    12.602 r  u_fir_filter/filter_out3__0_carry__0_i_8/O
                         net (fo=1, routed)           0.000    12.602    u_fir_filter/filter_out3__0_carry__0_i_8_n_0
    SLICE_X8Y32          CARRY4 (Prop_carry4_S[0]_CO[3])
                                                      0.513    13.115 r  u_fir_filter/filter_out3__0_carry__0/CO[3]
                         net (fo=1, routed)           0.000    13.115    u_fir_filter/filter_out3__0_carry__0_n_0
    SLICE_X8Y33          CARRY4 (Prop_carry4_CI_CO[3])
                                                      0.117    13.232 r  u_fir_filter/filter_out3__0_carry__1/CO[3]
                         net (fo=1, routed)           0.000    13.232    u_fir_filter/filter_out3__0_carry__1_n_0
    SLICE_X8Y34          CARRY4 (Prop_carry4_CI_CO[3])
                                                      0.117    13.349 r  u_fir_filter/filter_out3__0_carry__2/CO[3]
                         net (fo=1, routed)           0.000    13.349    u_fir_filter/filter_out3__0_carry__2_n_0
    SLICE_X8Y35          CARRY4 (Prop_carry4_CI_O[0])
                                                      0.219    13.568 r  u_fir_filter/filter_out3__0_carry__3/O[0]
                         net (fo=2, routed)           0.798    14.366    u_fir_filter/filter_out3__0_carry__3_n_7
    SLICE_X9Y34          LUT3 (Prop_lut3_I2_O)        0.323    14.689 r  u_fir_filter/filter_out3__448_carry__3_i_3/O
                         net (fo=2, routed)           1.298    15.987    u_fir_filter/filter_out3__448_carry__3_i_3_n_0
    SLICE_X9Y34          LUT4 (Prop_lut4_I3_O)        0.326    16.313 r  u_fir_filter/filter_out3__448_carry__3_i_7/O
                         net (fo=1, routed)           0.000    16.313    u_fir_filter/filter_out3__448_carry__3_i_7_n_0
    SLICE_X9Y34          CARRY4 (Prop_carry4_S[1]_CO[3])
                                                      0.550    16.863 r  u_fir_filter/filter_out3__448_carry__3/CO[3]
                         net (fo=1, routed)           0.000    16.863    u_fir_filter/filter_out3__448_carry__3_n_0
    SLICE_X9Y35          CARRY4 (Prop_carry4_CI_CO[3])
                                                      0.114    16.977 r  u_fir_filter/filter_out3__448_carry__4/CO[3]
                         net (fo=1, routed)           0.000    16.977    u_fir_filter/filter_out3__448_carry__4_n_0
    SLICE_X9Y36          CARRY4 (Prop_carry4_CI_CO[3])
                                                      0.114    17.091 r  u_fir_filter/filter_out3__448_carry__5/CO[3]
                         net (fo=1, routed)           0.000    17.091    u_fir_filter/filter_out3__448_carry__5_n_0
    SLICE_X9Y37          CARRY4 (Prop_carry4_CI_O[1])
                                                      0.334    17.425 r  u_fir_filter/filter_out3__448_carry__6/O[1]
                         net (fo=3, routed)           1.326    18.751    u_fir_filter/filter_out3__448_carry__6_n_6
    SLICE_X14Y31         LUT3 (Prop_lut3_I2_O)        0.329    19.080 r  u_fir_filter/filter_out3__561_carry__6_i_9/O
                         net (fo=2, routed)           0.802    19.881    u_fir_filter/filter_out3__561_carry__6_i_9_n_0
    SLICE_X13Y31         LUT5 (Prop_lut5_I4_O)        0.328    20.209 r  u_fir_filter/filter_out3__561_carry__6_i_2/O
                         net (fo=2, routed)           0.882    21.091    u_fir_filter/filter_out3__561_carry__6_i_2_n_0
    SLICE_X12Y31         LUT6 (Prop_lut6_I0_O)        0.124    21.215 r  u_fir_filter/filter_out3__561_carry__6_i_6/O
                         net (fo=1, routed)           0.000    21.215    u_fir_filter/filter_out3__561_carry__6_i_6_n_0
    SLICE_X12Y31         CARRY4 (Prop_carry4_S[2]_CO[3])
                                                      0.380    21.595 r  u_fir_filter/filter_out3__561_carry__6/CO[3]
                         net (fo=1, routed)           0.000    21.595    u_fir_filter/filter_out3__561_carry__6_n_0
    SLICE_X12Y32         CARRY4 (Prop_carry4_CI_CO[3])
                                                      0.117    21.712 r  u_fir_filter/filter_out3__561_carry__7/CO[3]
                         net (fo=1, routed)           0.000    21.712    u_fir_filter/filter_out3__561_carry__7_n_0
    SLICE_X12Y33         CARRY4 (Prop_carry4_CI_O[3])
                                                      0.315    22.027 f  u_fir_filter/filter_out3__561_carry__8/O[3]
                         net (fo=30, routed)          1.376    23.403    u_fir_filter/p_0_in0
    SLICE_X12Y36         LUT1 (Prop_lut1_I0_O)        0.307    23.710 r  u_fir_filter/i__carry__1_i_3/O
                         net (fo=1, routed)           0.000    23.710    u_fir_filter/i__carry__1_i_3_n_0
    SLICE_X12Y36         CARRY4 (Prop_carry4_S[1]_CO[3])
                                                      0.533    24.243 r  u_fir_filter/filter_out1_inferred__0/i__carry__1/CO[3]
                         net (fo=1, routed)           0.000    24.243    u_fir_filter/filter_out1_inferred__0/i__carry__1_n_0
    SLICE_X12Y37         CARRY4 (Prop_carry4_CI_CO[0])
                                                      0.254    24.497 r  u_fir_filter/filter_out1_inferred__0/i__carry__2/CO[0]
                         net (fo=16, routed)          1.107    25.604    u_fir_filter/filter_out10_in
    SLICE_X14Y34         LUT3 (Prop_lut3_I2_O)        0.367    25.971 r  u_fir_filter/output_data_OBUF[14]_inst_i_1/O
                         net (fo=1, routed)           3.990    29.961    output_data_OBUF[14]
    P1                   OBUF (Prop_obuf_I_O)         3.515    33.476 r  output_data_OBUF[14]_inst/O
                         net (fo=0)                   0.000    33.476    output_data[14]
    P1                                                                r  output_data[14]
  -------------------------------------------------------------------    -------------------

Slack:                    inf
  Source:                 u_fir_filter/product_0/CLK
                            (rising edge-triggered cell DSP48E1 clocked by sys_clk_pin  {rise@0.000ns fall@5.000ns period=10.000ns})
  Destination:            output_data[5]
                            (output port)
  Path Group:             (none)
  Path Type:              Max at Slow Process Corner
  Data Path Delay:        27.984ns  (logic 14.019ns (50.099%)  route 13.964ns (49.901%))
  Logic Levels:           23  (CARRY4=13 LUT1=1 LUT3=4 LUT4=2 LUT5=1 LUT6=1 OBUF=1)
  Clock Uncertainty:      0.025ns  ((TSJ^2 + TIJ^2)^1/2 + DJ) / 2 + PE
    Total System Jitter     (TSJ):    0.050ns
    Total Input Jitter      (TIJ):    0.000ns
    Discrete Jitter          (DJ):    0.000ns
    Phase Error              (PE):    0.000ns

    Location             Delay type                Incr(ns)  Path(ns)    Netlist Resource(s)
  -------------------------------------------------------------------    -------------------
                         (clock sys_clk_pin rise edge)
                                                      0.000     0.000 r  <hidden>
    W5                                                0.000     0.000 r  clk
                         net (fo=0)                   0.000     0.000    clk
    W5                   IBUF (Prop_ibuf_I_O)         1.458     1.458 r  clk_IBUF_inst/O
                         net (fo=1, routed)           1.967     3.425    clk_IBUF
    BUFGCTRL_X0Y0        BUFG (Prop_bufg_I_O)         0.096     3.521 r  clk_IBUF_BUFG_inst/O
                         net (fo=14, routed)          1.656     5.177    u_fir_filter/clk_IBUF_BUFG
    DSP48_X0Y4           DSP48E1                                      r  u_fir_filter/product_0/CLK
  -------------------------------------------------------------------    -------------------
    DSP48_X0Y4           DSP48E1 (Prop_dsp48e1_CLK_P[3])
                                                      4.009     9.186 r  u_fir_filter/product_0/P[3]
                         net (fo=2, routed)           2.042    11.228    u_fir_filter/product_0_n_102
    SLICE_X8Y31          LUT3 (Prop_lut3_I0_O)        0.157    11.385 r  u_fir_filter/filter_out3__0_carry__0_i_4/O
                         net (fo=2, routed)           0.862    12.247    u_fir_filter/filter_out3__0_carry__0_i_4_n_0
    SLICE_X8Y32          LUT4 (Prop_lut4_I3_O)        0.355    12.602 r  u_fir_filter/filter_out3__0_carry__0_i_8/O
                         net (fo=1, routed)           0.000    12.602    u_fir_filter/filter_out3__0_carry__0_i_8_n_0
    SLICE_X8Y32          CARRY4 (Prop_carry4_S[0]_CO[3])
                                                      0.513    13.115 r  u_fir_filter/filter_out3__0_carry__0/CO[3]
                         net (fo=1, routed)           0.000    13.115    u_fir_filter/filter_out3__0_carry__0_n_0
    SLICE_X8Y33          CARRY4 (Prop_carry4_CI_CO[3])
                                                      0.117    13.232 r  u_fir_filter/filter_out3__0_carry__1/CO[3]
                         net (fo=1, routed)           0.000    13.232    u_fir_filter/filter_out3__0_carry__1_n_0
    SLICE_X8Y34          CARRY4 (Prop_carry4_CI_CO[3])
                                                      0.117    13.349 r  u_fir_filter/filter_out3__0_carry__2/CO[3]
                         net (fo=1, routed)           0.000    13.349    u_fir_filter/filter_out3__0_carry__2_n_0
    SLICE_X8Y35          CARRY4 (Prop_carry4_CI_O[0])
                                                      0.219    13.568 r  u_fir_filter/filter_out3__0_carry__3/O[0]
                         net (fo=2, routed)           0.798    14.366    u_fir_filter/filter_out3__0_carry__3_n_7
    SLICE_X9Y34          LUT3 (Prop_lut3_I2_O)        0.323    14.689 r  u_fir_filter/filter_out3__448_carry__3_i_3/O
                         net (fo=2, routed)           1.298    15.987    u_fir_filter/filter_out3__448_carry__3_i_3_n_0
    SLICE_X9Y34          LUT4 (Prop_lut4_I3_O)        0.326    16.313 r  u_fir_filter/filter_out3__448_carry__3_i_7/O
                         net (fo=1, routed)           0.000    16.313    u_fir_filter/filter_out3__448_carry__3_i_7_n_0
    SLICE_X9Y34          CARRY4 (Prop_carry4_S[1]_CO[3])
                                                      0.550    16.863 r  u_fir_filter/filter_out3__448_carry__3/CO[3]
                         net (fo=1, routed)           0.000    16.863    u_fir_filter/filter_out3__448_carry__3_n_0
    SLICE_X9Y35          CARRY4 (Prop_carry4_CI_CO[3])
                                                      0.114    16.977 r  u_fir_filter/filter_out3__448_carry__4/CO[3]
                         net (fo=1, routed)           0.000    16.977    u_fir_filter/filter_out3__448_carry__4_n_0
    SLICE_X9Y36          CARRY4 (Prop_carry4_CI_CO[3])
                                                      0.114    17.091 r  u_fir_filter/filter_out3__448_carry__5/CO[3]
                         net (fo=1, routed)           0.000    17.091    u_fir_filter/filter_out3__448_carry__5_n_0
    SLICE_X9Y37          CARRY4 (Prop_carry4_CI_O[1])
                                                      0.334    17.425 r  u_fir_filter/filter_out3__448_carry__6/O[1]
                         net (fo=3, routed)           1.326    18.751    u_fir_filter/filter_out3__448_carry__6_n_6
    SLICE_X14Y31         LUT3 (Prop_lut3_I2_O)        0.329    19.080 r  u_fir_filter/filter_out3__561_carry__6_i_9/O
                         net (fo=2, routed)           0.802    19.881    u_fir_filter/filter_out3__561_carry__6_i_9_n_0
    SLICE_X13Y31         LUT5 (Prop_lut5_I4_O)        0.328    20.209 r  u_fir_filter/filter_out3__561_carry__6_i_2/O
                         net (fo=2, routed)           0.882    21.091    u_fir_filter/filter_out3__561_carry__6_i_2_n_0
    SLICE_X12Y31         LUT6 (Prop_lut6_I0_O)        0.124    21.215 r  u_fir_filter/filter_out3__561_carry__6_i_6/O
                         net (fo=1, routed)           0.000    21.215    u_fir_filter/filter_out3__561_carry__6_i_6_n_0
    SLICE_X12Y31         CARRY4 (Prop_carry4_S[2]_CO[3])
                                                      0.380    21.595 r  u_fir_filter/filter_out3__561_carry__6/CO[3]
                         net (fo=1, routed)           0.000    21.595    u_fir_filter/filter_out3__561_carry__6_n_0
    SLICE_X12Y32         CARRY4 (Prop_carry4_CI_CO[3])
                                                      0.117    21.712 r  u_fir_filter/filter_out3__561_carry__7/CO[3]
                         net (fo=1, routed)           0.000    21.712    u_fir_filter/filter_out3__561_carry__7_n_0
    SLICE_X12Y33         CARRY4 (Prop_carry4_CI_O[3])
                                                      0.315    22.027 f  u_fir_filter/filter_out3__561_carry__8/O[3]
                         net (fo=30, routed)          1.376    23.403    u_fir_filter/p_0_in0
    SLICE_X12Y36         LUT1 (Prop_lut1_I0_O)        0.307    23.710 r  u_fir_filter/i__carry__1_i_3/O
                         net (fo=1, routed)           0.000    23.710    u_fir_filter/i__carry__1_i_3_n_0
    SLICE_X12Y36         CARRY4 (Prop_carry4_S[1]_CO[3])
                                                      0.533    24.243 r  u_fir_filter/filter_out1_inferred__0/i__carry__1/CO[3]
                         net (fo=1, routed)           0.000    24.243    u_fir_filter/filter_out1_inferred__0/i__carry__1_n_0
    SLICE_X12Y37         CARRY4 (Prop_carry4_CI_CO[0])
                                                      0.254    24.497 r  u_fir_filter/filter_out1_inferred__0/i__carry__2/CO[0]
                         net (fo=16, routed)          1.753    26.250    u_fir_filter/filter_out10_in
    SLICE_X11Y29         LUT3 (Prop_lut3_I2_O)        0.362    26.612 r  u_fir_filter/output_data_OBUF[5]_inst_i_1/O
                         net (fo=1, routed)           2.826    29.438    output_data_OBUF[5]
    U15                  OBUF (Prop_obuf_I_O)         3.722    33.161 r  output_data_OBUF[5]_inst/O
                         net (fo=0)                   0.000    33.161    output_data[5]
    U15                                                               r  output_data[5]
  -------------------------------------------------------------------    -------------------

Slack:                    inf
  Source:                 u_fir_filter/product_0/CLK
                            (rising edge-triggered cell DSP48E1 clocked by sys_clk_pin  {rise@0.000ns fall@5.000ns period=10.000ns})
  Destination:            output_data[8]
                            (output port)
  Path Group:             (none)
  Path Type:              Max at Slow Process Corner
  Data Path Delay:        27.892ns  (logic 13.806ns (49.499%)  route 14.086ns (50.501%))
  Logic Levels:           23  (CARRY4=13 LUT1=1 LUT3=4 LUT4=2 LUT5=1 LUT6=1 OBUF=1)
  Clock Uncertainty:      0.025ns  ((TSJ^2 + TIJ^2)^1/2 + DJ) / 2 + PE
    Total System Jitter     (TSJ):    0.050ns
    Total Input Jitter      (TIJ):    0.000ns
    Discrete Jitter          (DJ):    0.000ns
    Phase Error              (PE):    0.000ns

    Location             Delay type                Incr(ns)  Path(ns)    Netlist Resource(s)
  -------------------------------------------------------------------    -------------------
                         (clock sys_clk_pin rise edge)
                                                      0.000     0.000 r  <hidden>
    W5                                                0.000     0.000 r  clk
                         net (fo=0)                   0.000     0.000    clk
    W5                   IBUF (Prop_ibuf_I_O)         1.458     1.458 r  clk_IBUF_inst/O
                         net (fo=1, routed)           1.967     3.425    clk_IBUF
    BUFGCTRL_X0Y0        BUFG (Prop_bufg_I_O)         0.096     3.521 r  clk_IBUF_BUFG_inst/O
                         net (fo=14, routed)          1.656     5.177    u_fir_filter/clk_IBUF_BUFG
    DSP48_X0Y4           DSP48E1                                      r  u_fir_filter/product_0/CLK
  -------------------------------------------------------------------    -------------------
    DSP48_X0Y4           DSP48E1 (Prop_dsp48e1_CLK_P[3])
                                                      4.009     9.186 r  u_fir_filter/product_0/P[3]
                         net (fo=2, routed)           2.042    11.228    u_fir_filter/product_0_n_102
    SLICE_X8Y31          LUT3 (Prop_lut3_I0_O)        0.157    11.385 r  u_fir_filter/filter_out3__0_carry__0_i_4/O
                         net (fo=2, routed)           0.862    12.247    u_fir_filter/filter_out3__0_carry__0_i_4_n_0
    SLICE_X8Y32          LUT4 (Prop_lut4_I3_O)        0.355    12.602 r  u_fir_filter/filter_out3__0_carry__0_i_8/O
                         net (fo=1, routed)           0.000    12.602    u_fir_filter/filter_out3__0_carry__0_i_8_n_0
    SLICE_X8Y32          CARRY4 (Prop_carry4_S[0]_CO[3])
                                                      0.513    13.115 r  u_fir_filter/filter_out3__0_carry__0/CO[3]
                         net (fo=1, routed)           0.000    13.115    u_fir_filter/filter_out3__0_carry__0_n_0
    SLICE_X8Y33          CARRY4 (Prop_carry4_CI_CO[3])
                                                      0.117    13.232 r  u_fir_filter/filter_out3__0_carry__1/CO[3]
                         net (fo=1, routed)           0.000    13.232    u_fir_filter/filter_out3__0_carry__1_n_0
    SLICE_X8Y34          CARRY4 (Prop_carry4_CI_CO[3])
                                                      0.117    13.349 r  u_fir_filter/filter_out3__0_carry__2/CO[3]
                         net (fo=1, routed)           0.000    13.349    u_fir_filter/filter_out3__0_carry__2_n_0
    SLICE_X8Y35          CARRY4 (Prop_carry4_CI_O[0])
                                                      0.219    13.568 r  u_fir_filter/filter_out3__0_carry__3/O[0]
                         net (fo=2, routed)           0.798    14.366    u_fir_filter/filter_out3__0_carry__3_n_7
    SLICE_X9Y34          LUT3 (Prop_lut3_I2_O)        0.323    14.689 r  u_fir_filter/filter_out3__448_carry__3_i_3/O
                         net (fo=2, routed)           1.298    15.987    u_fir_filter/filter_out3__448_carry__3_i_3_n_0
    SLICE_X9Y34          LUT4 (Prop_lut4_I3_O)        0.326    16.313 r  u_fir_filter/filter_out3__448_carry__3_i_7/O
                         net (fo=1, routed)           0.000    16.313    u_fir_filter/filter_out3__448_carry__3_i_7_n_0
    SLICE_X9Y34          CARRY4 (Prop_carry4_S[1]_CO[3])
                                                      0.550    16.863 r  u_fir_filter/filter_out3__448_carry__3/CO[3]
                         net (fo=1, routed)           0.000    16.863    u_fir_filter/filter_out3__448_carry__3_n_0
    SLICE_X9Y35          CARRY4 (Prop_carry4_CI_CO[3])
                                                      0.114    16.977 r  u_fir_filter/filter_out3__448_carry__4/CO[3]
                         net (fo=1, routed)           0.000    16.977    u_fir_filter/filter_out3__448_carry__4_n_0
    SLICE_X9Y36          CARRY4 (Prop_carry4_CI_CO[3])
                                                      0.114    17.091 r  u_fir_filter/filter_out3__448_carry__5/CO[3]
                         net (fo=1, routed)           0.000    17.091    u_fir_filter/filter_out3__448_carry__5_n_0
    SLICE_X9Y37          CARRY4 (Prop_carry4_CI_O[1])
                                                      0.334    17.425 r  u_fir_filter/filter_out3__448_carry__6/O[1]
                         net (fo=3, routed)           1.326    18.751    u_fir_filter/filter_out3__448_carry__6_n_6
    SLICE_X14Y31         LUT3 (Prop_lut3_I2_O)        0.329    19.080 r  u_fir_filter/filter_out3__561_carry__6_i_9/O
                         net (fo=2, routed)           0.802    19.881    u_fir_filter/filter_out3__561_carry__6_i_9_n_0
    SLICE_X13Y31         LUT5 (Prop_lut5_I4_O)        0.328    20.209 r  u_fir_filter/filter_out3__561_carry__6_i_2/O
                         net (fo=2, routed)           0.882    21.091    u_fir_filter/filter_out3__561_carry__6_i_2_n_0
    SLICE_X12Y31         LUT6 (Prop_lut6_I0_O)        0.124    21.215 r  u_fir_filter/filter_out3__561_carry__6_i_6/O
                         net (fo=1, routed)           0.000    21.215    u_fir_filter/filter_out3__561_carry__6_i_6_n_0
    SLICE_X12Y31         CARRY4 (Prop_carry4_S[2]_CO[3])
                                                      0.380    21.595 r  u_fir_filter/filter_out3__561_carry__6/CO[3]
                         net (fo=1, routed)           0.000    21.595    u_fir_filter/filter_out3__561_carry__6_n_0
    SLICE_X12Y32         CARRY4 (Prop_carry4_CI_CO[3])
                                                      0.117    21.712 r  u_fir_filter/filter_out3__561_carry__7/CO[3]
                         net (fo=1, routed)           0.000    21.712    u_fir_filter/filter_out3__561_carry__7_n_0
    SLICE_X12Y33         CARRY4 (Prop_carry4_CI_O[3])
                                                      0.315    22.027 f  u_fir_filter/filter_out3__561_carry__8/O[3]
                         net (fo=30, routed)          1.376    23.403    u_fir_filter/p_0_in0
    SLICE_X12Y36         LUT1 (Prop_lut1_I0_O)        0.307    23.710 r  u_fir_filter/i__carry__1_i_3/O
                         net (fo=1, routed)           0.000    23.710    u_fir_filter/i__carry__1_i_3_n_0
    SLICE_X12Y36         CARRY4 (Prop_carry4_S[1]_CO[3])
                                                      0.533    24.243 r  u_fir_filter/filter_out1_inferred__0/i__carry__1/CO[3]
                         net (fo=1, routed)           0.000    24.243    u_fir_filter/filter_out1_inferred__0/i__carry__1_n_0
    SLICE_X12Y37         CARRY4 (Prop_carry4_CI_CO[0])
                                                      0.254    24.497 r  u_fir_filter/filter_out1_inferred__0/i__carry__2/CO[0]
                         net (fo=16, routed)          1.541    26.038    u_fir_filter/filter_out10_in
    SLICE_X14Y30         LUT3 (Prop_lut3_I2_O)        0.367    26.405 r  u_fir_filter/output_data_OBUF[8]_inst_i_1/O
                         net (fo=1, routed)           3.160    29.564    output_data_OBUF[8]
    V13                  OBUF (Prop_obuf_I_O)         3.504    33.069 r  output_data_OBUF[8]_inst/O
                         net (fo=0)                   0.000    33.069    output_data[8]
    V13                                                               r  output_data[8]
  -------------------------------------------------------------------    -------------------

Slack:                    inf
  Source:                 u_fir_filter/product_0/CLK
                            (rising edge-triggered cell DSP48E1 clocked by sys_clk_pin  {rise@0.000ns fall@5.000ns period=10.000ns})
  Destination:            output_data[0]
                            (output port)
  Path Group:             (none)
  Path Type:              Max at Slow Process Corner
  Data Path Delay:        27.861ns  (logic 13.807ns (49.557%)  route 14.054ns (50.443%))
  Logic Levels:           23  (CARRY4=13 LUT1=1 LUT3=4 LUT4=2 LUT5=1 LUT6=1 OBUF=1)
  Clock Uncertainty:      0.025ns  ((TSJ^2 + TIJ^2)^1/2 + DJ) / 2 + PE
    Total System Jitter     (TSJ):    0.050ns
    Total Input Jitter      (TIJ):    0.000ns
    Discrete Jitter          (DJ):    0.000ns
    Phase Error              (PE):    0.000ns

    Location             Delay type                Incr(ns)  Path(ns)    Netlist Resource(s)
  -------------------------------------------------------------------    -------------------
                         (clock sys_clk_pin rise edge)
                                                      0.000     0.000 r  <hidden>
    W5                                                0.000     0.000 r  clk
                         net (fo=0)                   0.000     0.000    clk
    W5                   IBUF (Prop_ibuf_I_O)         1.458     1.458 r  clk_IBUF_inst/O
                         net (fo=1, routed)           1.967     3.425    clk_IBUF
    BUFGCTRL_X0Y0        BUFG (Prop_bufg_I_O)         0.096     3.521 r  clk_IBUF_BUFG_inst/O
                         net (fo=14, routed)          1.656     5.177    u_fir_filter/clk_IBUF_BUFG
    DSP48_X0Y4           DSP48E1                                      r  u_fir_filter/product_0/CLK
  -------------------------------------------------------------------    -------------------
    DSP48_X0Y4           DSP48E1 (Prop_dsp48e1_CLK_P[3])
                                                      4.009     9.186 r  u_fir_filter/product_0/P[3]
                         net (fo=2, routed)           2.042    11.228    u_fir_filter/product_0_n_102
    SLICE_X8Y31          LUT3 (Prop_lut3_I0_O)        0.157    11.385 r  u_fir_filter/filter_out3__0_carry__0_i_4/O
                         net (fo=2, routed)           0.862    12.247    u_fir_filter/filter_out3__0_carry__0_i_4_n_0
    SLICE_X8Y32          LUT4 (Prop_lut4_I3_O)        0.355    12.602 r  u_fir_filter/filter_out3__0_carry__0_i_8/O
                         net (fo=1, routed)           0.000    12.602    u_fir_filter/filter_out3__0_carry__0_i_8_n_0
    SLICE_X8Y32          CARRY4 (Prop_carry4_S[0]_CO[3])
                                                      0.513    13.115 r  u_fir_filter/filter_out3__0_carry__0/CO[3]
                         net (fo=1, routed)           0.000    13.115    u_fir_filter/filter_out3__0_carry__0_n_0
    SLICE_X8Y33          CARRY4 (Prop_carry4_CI_CO[3])
                                                      0.117    13.232 r  u_fir_filter/filter_out3__0_carry__1/CO[3]
                         net (fo=1, routed)           0.000    13.232    u_fir_filter/filter_out3__0_carry__1_n_0
    SLICE_X8Y34          CARRY4 (Prop_carry4_CI_CO[3])
                                                      0.117    13.349 r  u_fir_filter/filter_out3__0_carry__2/CO[3]
                         net (fo=1, routed)           0.000    13.349    u_fir_filter/filter_out3__0_carry__2_n_0
    SLICE_X8Y35          CARRY4 (Prop_carry4_CI_O[0])
                                                      0.219    13.568 r  u_fir_filter/filter_out3__0_carry__3/O[0]
                         net (fo=2, routed)           0.798    14.366    u_fir_filter/filter_out3__0_carry__3_n_7
    SLICE_X9Y34          LUT3 (Prop_lut3_I2_O)        0.323    14.689 r  u_fir_filter/filter_out3__448_carry__3_i_3/O
                         net (fo=2, routed)           1.298    15.987    u_fir_filter/filter_out3__448_carry__3_i_3_n_0
    SLICE_X9Y34          LUT4 (Prop_lut4_I3_O)        0.326    16.313 r  u_fir_filter/filter_out3__448_carry__3_i_7/O
                         net (fo=1, routed)           0.000    16.313    u_fir_filter/filter_out3__448_carry__3_i_7_n_0
    SLICE_X9Y34          CARRY4 (Prop_carry4_S[1]_CO[3])
                                                      0.550    16.863 r  u_fir_filter/filter_out3__448_carry__3/CO[3]
                         net (fo=1, routed)           0.000    16.863    u_fir_filter/filter_out3__448_carry__3_n_0
    SLICE_X9Y35          CARRY4 (Prop_carry4_CI_CO[3])
                                                      0.114    16.977 r  u_fir_filter/filter_out3__448_carry__4/CO[3]
                         net (fo=1, routed)           0.000    16.977    u_fir_filter/filter_out3__448_carry__4_n_0
    SLICE_X9Y36          CARRY4 (Prop_carry4_CI_CO[3])
                                                      0.114    17.091 r  u_fir_filter/filter_out3__448_carry__5/CO[3]
                         net (fo=1, routed)           0.000    17.091    u_fir_filter/filter_out3__448_carry__5_n_0
    SLICE_X9Y37          CARRY4 (Prop_carry4_CI_O[1])
                                                      0.334    17.425 r  u_fir_filter/filter_out3__448_carry__6/O[1]
                         net (fo=3, routed)           1.326    18.751    u_fir_filter/filter_out3__448_carry__6_n_6
    SLICE_X14Y31         LUT3 (Prop_lut3_I2_O)        0.329    19.080 r  u_fir_filter/filter_out3__561_carry__6_i_9/O
                         net (fo=2, routed)           0.802    19.881    u_fir_filter/filter_out3__561_carry__6_i_9_n_0
    SLICE_X13Y31         LUT5 (Prop_lut5_I4_O)        0.328    20.209 r  u_fir_filter/filter_out3__561_carry__6_i_2/O
                         net (fo=2, routed)           0.882    21.091    u_fir_filter/filter_out3__561_carry__6_i_2_n_0
    SLICE_X12Y31         LUT6 (Prop_lut6_I0_O)        0.124    21.215 r  u_fir_filter/filter_out3__561_carry__6_i_6/O
                         net (fo=1, routed)           0.000    21.215    u_fir_filter/filter_out3__561_carry__6_i_6_n_0
    SLICE_X12Y31         CARRY4 (Prop_carry4_S[2]_CO[3])
                                                      0.380    21.595 r  u_fir_filter/filter_out3__561_carry__6/CO[3]
                         net (fo=1, routed)           0.000    21.595    u_fir_filter/filter_out3__561_carry__6_n_0
    SLICE_X12Y32         CARRY4 (Prop_carry4_CI_CO[3])
                                                      0.117    21.712 r  u_fir_filter/filter_out3__561_carry__7/CO[3]
                         net (fo=1, routed)           0.000    21.712    u_fir_filter/filter_out3__561_carry__7_n_0
    SLICE_X12Y33         CARRY4 (Prop_carry4_CI_O[3])
                                                      0.315    22.027 f  u_fir_filter/filter_out3__561_carry__8/O[3]
                         net (fo=30, routed)          1.376    23.403    u_fir_filter/p_0_in0
    SLICE_X12Y36         LUT1 (Prop_lut1_I0_O)        0.307    23.710 r  u_fir_filter/i__carry__1_i_3/O
                         net (fo=1, routed)           0.000    23.710    u_fir_filter/i__carry__1_i_3_n_0
    SLICE_X12Y36         CARRY4 (Prop_carry4_S[1]_CO[3])
                                                      0.533    24.243 r  u_fir_filter/filter_out1_inferred__0/i__carry__1/CO[3]
                         net (fo=1, routed)           0.000    24.243    u_fir_filter/filter_out1_inferred__0/i__carry__1_n_0
    SLICE_X12Y37         CARRY4 (Prop_carry4_CI_CO[0])
                                                      0.254    24.497 r  u_fir_filter/filter_out1_inferred__0/i__carry__2/CO[0]
                         net (fo=16, routed)          1.655    26.153    u_fir_filter/filter_out10_in
    SLICE_X13Y30         LUT3 (Prop_lut3_I2_O)        0.367    26.520 r  u_fir_filter/output_data_OBUF[0]_inst_i_1/O
                         net (fo=1, routed)           3.013    29.533    output_data_OBUF[0]
    U16                  OBUF (Prop_obuf_I_O)         3.505    33.037 r  output_data_OBUF[0]_inst/O
                         net (fo=0)                   0.000    33.037    output_data[0]
    U16                                                               r  output_data[0]
  -------------------------------------------------------------------    -------------------

Slack:                    inf
  Source:                 u_fir_filter/product_0/CLK
                            (rising edge-triggered cell DSP48E1 clocked by sys_clk_pin  {rise@0.000ns fall@5.000ns period=10.000ns})
  Destination:            output_data[7]
                            (output port)
  Path Group:             (none)
  Path Type:              Max at Slow Process Corner
  Data Path Delay:        27.824ns  (logic 14.002ns (50.321%)  route 13.823ns (49.679%))
  Logic Levels:           23  (CARRY4=13 LUT1=1 LUT3=4 LUT4=2 LUT5=1 LUT6=1 OBUF=1)
  Clock Uncertainty:      0.025ns  ((TSJ^2 + TIJ^2)^1/2 + DJ) / 2 + PE
    Total System Jitter     (TSJ):    0.050ns
    Total Input Jitter      (TIJ):    0.000ns
    Discrete Jitter          (DJ):    0.000ns
    Phase Error              (PE):    0.000ns

    Location             Delay type                Incr(ns)  Path(ns)    Netlist Resource(s)
  -------------------------------------------------------------------    -------------------
                         (clock sys_clk_pin rise edge)
                                                      0.000     0.000 r  <hidden>
    W5                                                0.000     0.000 r  clk
                         net (fo=0)                   0.000     0.000    clk
    W5                   IBUF (Prop_ibuf_I_O)         1.458     1.458 r  clk_IBUF_inst/O
                         net (fo=1, routed)           1.967     3.425    clk_IBUF
    BUFGCTRL_X0Y0        BUFG (Prop_bufg_I_O)         0.096     3.521 r  clk_IBUF_BUFG_inst/O
                         net (fo=14, routed)          1.656     5.177    u_fir_filter/clk_IBUF_BUFG
    DSP48_X0Y4           DSP48E1                                      r  u_fir_filter/product_0/CLK
  -------------------------------------------------------------------    -------------------
    DSP48_X0Y4           DSP48E1 (Prop_dsp48e1_CLK_P[3])
                                                      4.009     9.186 r  u_fir_filter/product_0/P[3]
                         net (fo=2, routed)           2.042    11.228    u_fir_filter/product_0_n_102
    SLICE_X8Y31          LUT3 (Prop_lut3_I0_O)        0.157    11.385 r  u_fir_filter/filter_out3__0_carry__0_i_4/O
                         net (fo=2, routed)           0.862    12.247    u_fir_filter/filter_out3__0_carry__0_i_4_n_0
    SLICE_X8Y32          LUT4 (Prop_lut4_I3_O)        0.355    12.602 r  u_fir_filter/filter_out3__0_carry__0_i_8/O
                         net (fo=1, routed)           0.000    12.602    u_fir_filter/filter_out3__0_carry__0_i_8_n_0
    SLICE_X8Y32          CARRY4 (Prop_carry4_S[0]_CO[3])
                                                      0.513    13.115 r  u_fir_filter/filter_out3__0_carry__0/CO[3]
                         net (fo=1, routed)           0.000    13.115    u_fir_filter/filter_out3__0_carry__0_n_0
    SLICE_X8Y33          CARRY4 (Prop_carry4_CI_CO[3])
                                                      0.117    13.232 r  u_fir_filter/filter_out3__0_carry__1/CO[3]
                         net (fo=1, routed)           0.000    13.232    u_fir_filter/filter_out3__0_carry__1_n_0
    SLICE_X8Y34          CARRY4 (Prop_carry4_CI_CO[3])
                                                      0.117    13.349 r  u_fir_filter/filter_out3__0_carry__2/CO[3]
                         net (fo=1, routed)           0.000    13.349    u_fir_filter/filter_out3__0_carry__2_n_0
    SLICE_X8Y35          CARRY4 (Prop_carry4_CI_O[0])
                                                      0.219    13.568 r  u_fir_filter/filter_out3__0_carry__3/O[0]
                         net (fo=2, routed)           0.798    14.366    u_fir_filter/filter_out3__0_carry__3_n_7
    SLICE_X9Y34          LUT3 (Prop_lut3_I2_O)        0.323    14.689 r  u_fir_filter/filter_out3__448_carry__3_i_3/O
                         net (fo=2, routed)           1.298    15.987    u_fir_filter/filter_out3__448_carry__3_i_3_n_0
    SLICE_X9Y34          LUT4 (Prop_lut4_I3_O)        0.326    16.313 r  u_fir_filter/filter_out3__448_carry__3_i_7/O
                         net (fo=1, routed)           0.000    16.313    u_fir_filter/filter_out3__448_carry__3_i_7_n_0
    SLICE_X9Y34          CARRY4 (Prop_carry4_S[1]_CO[3])
                                                      0.550    16.863 r  u_fir_filter/filter_out3__448_carry__3/CO[3]
                         net (fo=1, routed)           0.000    16.863    u_fir_filter/filter_out3__448_carry__3_n_0
    SLICE_X9Y35          CARRY4 (Prop_carry4_CI_CO[3])
                                                      0.114    16.977 r  u_fir_filter/filter_out3__448_carry__4/CO[3]
                         net (fo=1, routed)           0.000    16.977    u_fir_filter/filter_out3__448_carry__4_n_0
    SLICE_X9Y36          CARRY4 (Prop_carry4_CI_CO[3])
                                                      0.114    17.091 r  u_fir_filter/filter_out3__448_carry__5/CO[3]
                         net (fo=1, routed)           0.000    17.091    u_fir_filter/filter_out3__448_carry__5_n_0
    SLICE_X9Y37          CARRY4 (Prop_carry4_CI_O[1])
                                                      0.334    17.425 r  u_fir_filter/filter_out3__448_carry__6/O[1]
                         net (fo=3, routed)           1.326    18.751    u_fir_filter/filter_out3__448_carry__6_n_6
    SLICE_X14Y31         LUT3 (Prop_lut3_I2_O)        0.329    19.080 r  u_fir_filter/filter_out3__561_carry__6_i_9/O
                         net (fo=2, routed)           0.802    19.881    u_fir_filter/filter_out3__561_carry__6_i_9_n_0
    SLICE_X13Y31         LUT5 (Prop_lut5_I4_O)        0.328    20.209 r  u_fir_filter/filter_out3__561_carry__6_i_2/O
                         net (fo=2, routed)           0.882    21.091    u_fir_filter/filter_out3__561_carry__6_i_2_n_0
    SLICE_X12Y31         LUT6 (Prop_lut6_I0_O)        0.124    21.215 r  u_fir_filter/filter_out3__561_carry__6_i_6/O
                         net (fo=1, routed)           0.000    21.215    u_fir_filter/filter_out3__561_carry__6_i_6_n_0
    SLICE_X12Y31         CARRY4 (Prop_carry4_S[2]_CO[3])
                                                      0.380    21.595 r  u_fir_filter/filter_out3__561_carry__6/CO[3]
                         net (fo=1, routed)           0.000    21.595    u_fir_filter/filter_out3__561_carry__6_n_0
    SLICE_X12Y32         CARRY4 (Prop_carry4_CI_CO[3])
                                                      0.117    21.712 r  u_fir_filter/filter_out3__561_carry__7/CO[3]
                         net (fo=1, routed)           0.000    21.712    u_fir_filter/filter_out3__561_carry__7_n_0
    SLICE_X12Y33         CARRY4 (Prop_carry4_CI_O[3])
                                                      0.315    22.027 f  u_fir_filter/filter_out3__561_carry__8/O[3]
                         net (fo=30, routed)          1.376    23.403    u_fir_filter/p_0_in0
    SLICE_X12Y36         LUT1 (Prop_lut1_I0_O)        0.307    23.710 r  u_fir_filter/i__carry__1_i_3/O
                         net (fo=1, routed)           0.000    23.710    u_fir_filter/i__carry__1_i_3_n_0
    SLICE_X12Y36         CARRY4 (Prop_carry4_S[1]_CO[3])
                                                      0.533    24.243 r  u_fir_filter/filter_out1_inferred__0/i__carry__1/CO[3]
                         net (fo=1, routed)           0.000    24.243    u_fir_filter/filter_out1_inferred__0/i__carry__1_n_0
    SLICE_X12Y37         CARRY4 (Prop_carry4_CI_CO[0])
                                                      0.254    24.497 r  u_fir_filter/filter_out1_inferred__0/i__carry__2/CO[0]
                         net (fo=16, routed)          1.728    26.226    u_fir_filter/filter_out10_in
    SLICE_X11Y29         LUT3 (Prop_lut3_I2_O)        0.363    26.589 r  u_fir_filter/output_data_OBUF[7]_inst_i_1/O
                         net (fo=1, routed)           2.709    29.298    output_data_OBUF[7]
    V14                  OBUF (Prop_obuf_I_O)         3.704    33.001 r  output_data_OBUF[7]_inst/O
                         net (fo=0)                   0.000    33.001    output_data[7]
    V14                                                               r  output_data[7]
  -------------------------------------------------------------------    -------------------

Slack:                    inf
  Source:                 u_fir_filter/product_0/CLK
                            (rising edge-triggered cell DSP48E1 clocked by sys_clk_pin  {rise@0.000ns fall@5.000ns period=10.000ns})
  Destination:            output_data[6]
                            (output port)
  Path Group:             (none)
  Path Type:              Max at Slow Process Corner
  Data Path Delay:        27.783ns  (logic 13.808ns (49.700%)  route 13.975ns (50.300%))
  Logic Levels:           23  (CARRY4=13 LUT1=1 LUT3=4 LUT4=2 LUT5=1 LUT6=1 OBUF=1)
  Clock Uncertainty:      0.025ns  ((TSJ^2 + TIJ^2)^1/2 + DJ) / 2 + PE
    Total System Jitter     (TSJ):    0.050ns
    Total Input Jitter      (TIJ):    0.000ns
    Discrete Jitter          (DJ):    0.000ns
    Phase Error              (PE):    0.000ns

    Location             Delay type                Incr(ns)  Path(ns)    Netlist Resource(s)
  -------------------------------------------------------------------    -------------------
                         (clock sys_clk_pin rise edge)
                                                      0.000     0.000 r  <hidden>
    W5                                                0.000     0.000 r  clk
                         net (fo=0)                   0.000     0.000    clk
    W5                   IBUF (Prop_ibuf_I_O)         1.458     1.458 r  clk_IBUF_inst/O
                         net (fo=1, routed)           1.967     3.425    clk_IBUF
    BUFGCTRL_X0Y0        BUFG (Prop_bufg_I_O)         0.096     3.521 r  clk_IBUF_BUFG_inst/O
                         net (fo=14, routed)          1.656     5.177    u_fir_filter/clk_IBUF_BUFG
    DSP48_X0Y4           DSP48E1                                      r  u_fir_filter/product_0/CLK
  -------------------------------------------------------------------    -------------------
    DSP48_X0Y4           DSP48E1 (Prop_dsp48e1_CLK_P[3])
                                                      4.009     9.186 r  u_fir_filter/product_0/P[3]
                         net (fo=2, routed)           2.042    11.228    u_fir_filter/product_0_n_102
    SLICE_X8Y31          LUT3 (Prop_lut3_I0_O)        0.157    11.385 r  u_fir_filter/filter_out3__0_carry__0_i_4/O
                         net (fo=2, routed)           0.862    12.247    u_fir_filter/filter_out3__0_carry__0_i_4_n_0
    SLICE_X8Y32          LUT4 (Prop_lut4_I3_O)        0.355    12.602 r  u_fir_filter/filter_out3__0_carry__0_i_8/O
                         net (fo=1, routed)           0.000    12.602    u_fir_filter/filter_out3__0_carry__0_i_8_n_0
    SLICE_X8Y32          CARRY4 (Prop_carry4_S[0]_CO[3])
                                                      0.513    13.115 r  u_fir_filter/filter_out3__0_carry__0/CO[3]
                         net (fo=1, routed)           0.000    13.115    u_fir_filter/filter_out3__0_carry__0_n_0
    SLICE_X8Y33          CARRY4 (Prop_carry4_CI_CO[3])
                                                      0.117    13.232 r  u_fir_filter/filter_out3__0_carry__1/CO[3]
                         net (fo=1, routed)           0.000    13.232    u_fir_filter/filter_out3__0_carry__1_n_0
    SLICE_X8Y34          CARRY4 (Prop_carry4_CI_CO[3])
                                                      0.117    13.349 r  u_fir_filter/filter_out3__0_carry__2/CO[3]
                         net (fo=1, routed)           0.000    13.349    u_fir_filter/filter_out3__0_carry__2_n_0
    SLICE_X8Y35          CARRY4 (Prop_carry4_CI_O[0])
                                                      0.219    13.568 r  u_fir_filter/filter_out3__0_carry__3/O[0]
                         net (fo=2, routed)           0.798    14.366    u_fir_filter/filter_out3__0_carry__3_n_7
    SLICE_X9Y34          LUT3 (Prop_lut3_I2_O)        0.323    14.689 r  u_fir_filter/filter_out3__448_carry__3_i_3/O
                         net (fo=2, routed)           1.298    15.987    u_fir_filter/filter_out3__448_carry__3_i_3_n_0
    SLICE_X9Y34          LUT4 (Prop_lut4_I3_O)        0.326    16.313 r  u_fir_filter/filter_out3__448_carry__3_i_7/O
                         net (fo=1, routed)           0.000    16.313    u_fir_filter/filter_out3__448_carry__3_i_7_n_0
    SLICE_X9Y34          CARRY4 (Prop_carry4_S[1]_CO[3])
                                                      0.550    16.863 r  u_fir_filter/filter_out3__448_carry__3/CO[3]
                         net (fo=1, routed)           0.000    16.863    u_fir_filter/filter_out3__448_carry__3_n_0
    SLICE_X9Y35          CARRY4 (Prop_carry4_CI_CO[3])
                                                      0.114    16.977 r  u_fir_filter/filter_out3__448_carry__4/CO[3]
                         net (fo=1, routed)           0.000    16.977    u_fir_filter/filter_out3__448_carry__4_n_0
    SLICE_X9Y36          CARRY4 (Prop_carry4_CI_CO[3])
                                                      0.114    17.091 r  u_fir_filter/filter_out3__448_carry__5/CO[3]
                         net (fo=1, routed)           0.000    17.091    u_fir_filter/filter_out3__448_carry__5_n_0
    SLICE_X9Y37          CARRY4 (Prop_carry4_CI_O[1])
                                                      0.334    17.425 r  u_fir_filter/filter_out3__448_carry__6/O[1]
                         net (fo=3, routed)           1.326    18.751    u_fir_filter/filter_out3__448_carry__6_n_6
    SLICE_X14Y31         LUT3 (Prop_lut3_I2_O)        0.329    19.080 r  u_fir_filter/filter_out3__561_carry__6_i_9/O
                         net (fo=2, routed)           0.802    19.881    u_fir_filter/filter_out3__561_carry__6_i_9_n_0
    SLICE_X13Y31         LUT5 (Prop_lut5_I4_O)        0.328    20.209 r  u_fir_filter/filter_out3__561_carry__6_i_2/O
                         net (fo=2, routed)           0.882    21.091    u_fir_filter/filter_out3__561_carry__6_i_2_n_0
    SLICE_X12Y31         LUT6 (Prop_lut6_I0_O)        0.124    21.215 r  u_fir_filter/filter_out3__561_carry__6_i_6/O
                         net (fo=1, routed)           0.000    21.215    u_fir_filter/filter_out3__561_carry__6_i_6_n_0
    SLICE_X12Y31         CARRY4 (Prop_carry4_S[2]_CO[3])
                                                      0.380    21.595 r  u_fir_filter/filter_out3__561_carry__6/CO[3]
                         net (fo=1, routed)           0.000    21.595    u_fir_filter/filter_out3__561_carry__6_n_0
    SLICE_X12Y32         CARRY4 (Prop_carry4_CI_CO[3])
                                                      0.117    21.712 r  u_fir_filter/filter_out3__561_carry__7/CO[3]
                         net (fo=1, routed)           0.000    21.712    u_fir_filter/filter_out3__561_carry__7_n_0
    SLICE_X12Y33         CARRY4 (Prop_carry4_CI_O[3])
                                                      0.315    22.027 f  u_fir_filter/filter_out3__561_carry__8/O[3]
                         net (fo=30, routed)          1.376    23.403    u_fir_filter/p_0_in0
    SLICE_X12Y36         LUT1 (Prop_lut1_I0_O)        0.307    23.710 r  u_fir_filter/i__carry__1_i_3/O
                         net (fo=1, routed)           0.000    23.710    u_fir_filter/i__carry__1_i_3_n_0
    SLICE_X12Y36         CARRY4 (Prop_carry4_S[1]_CO[3])
                                                      0.533    24.243 r  u_fir_filter/filter_out1_inferred__0/i__carry__1/CO[3]
                         net (fo=1, routed)           0.000    24.243    u_fir_filter/filter_out1_inferred__0/i__carry__1_n_0
    SLICE_X12Y37         CARRY4 (Prop_carry4_CI_CO[0])
                                                      0.254    24.497 r  u_fir_filter/filter_out1_inferred__0/i__carry__2/CO[0]
                         net (fo=16, routed)          1.728    26.226    u_fir_filter/filter_out10_in
    SLICE_X11Y29         LUT3 (Prop_lut3_I2_O)        0.367    26.593 r  u_fir_filter/output_data_OBUF[6]_inst_i_1/O
                         net (fo=1, routed)           2.861    29.454    output_data_OBUF[6]
    U14                  OBUF (Prop_obuf_I_O)         3.506    32.960 r  output_data_OBUF[6]_inst/O
                         net (fo=0)                   0.000    32.960    output_data[6]
    U14                                                               r  output_data[6]
  -------------------------------------------------------------------    -------------------





Min Delay Paths
--------------------------------------------------------------------------------------
Slack:                    inf
  Source:                 u_fir_filter/product_8/CLK
                            (rising edge-triggered cell DSP48E1 clocked by sys_clk_pin  {rise@0.000ns fall@5.000ns period=10.000ns})
  Destination:            output_data[4]
                            (output port)
  Path Group:             (none)
  Path Type:              Min at Fast Process Corner
  Data Path Delay:        3.634ns  (logic 2.279ns (62.712%)  route 1.355ns (37.288%))
  Logic Levels:           6  (CARRY4=2 LUT3=1 LUT4=1 LUT6=1 OBUF=1)
  Clock Uncertainty:      0.025ns  ((TSJ^2 + TIJ^2)^1/2 + DJ) / 2 + PE
    Total System Jitter     (TSJ):    0.050ns
    Total Input Jitter      (TIJ):    0.000ns
    Discrete Jitter          (DJ):    0.000ns
    Phase Error              (PE):    0.000ns

    Location             Delay type                Incr(ns)  Path(ns)    Netlist Resource(s)
  -------------------------------------------------------------------    -------------------
                         (clock sys_clk_pin rise edge)
                                                      0.000     0.000 r  <hidden>
    W5                                                0.000     0.000 r  clk
                         net (fo=0)                   0.000     0.000    clk
    W5                   IBUF (Prop_ibuf_I_O)         0.226     0.226 r  clk_IBUF_inst/O
                         net (fo=1, routed)           0.631     0.858    clk_IBUF
    BUFGCTRL_X0Y0        BUFG (Prop_bufg_I_O)         0.026     0.884 r  clk_IBUF_BUFG_inst/O
                         net (fo=14, routed)          0.643     1.527    u_fir_filter/clk_IBUF_BUFG
    DSP48_X0Y10          DSP48E1                                      r  u_fir_filter/product_8/CLK
  -------------------------------------------------------------------    -------------------
    DSP48_X0Y10          DSP48E1 (Prop_dsp48e1_CLK_P[19])
                                                      0.674     2.201 r  u_fir_filter/product_8/P[19]
                         net (fo=2, routed)           0.189     2.389    u_fir_filter/product_8_n_86
    SLICE_X10Y29         LUT4 (Prop_lut4_I1_O)        0.045     2.434 r  u_fir_filter/filter_out3__168_carry__3_i_5/O
                         net (fo=1, routed)           0.000     2.434    u_fir_filter/filter_out3__168_carry__3_i_5_n_0
    SLICE_X10Y29         CARRY4 (Prop_carry4_S[3]_O[3])
                                                      0.064     2.498 r  u_fir_filter/filter_out3__168_carry__3/O[3]
                         net (fo=2, routed)           0.228     2.726    u_fir_filter/filter_out3__168_carry__3_n_4
    SLICE_X12Y28         LUT6 (Prop_lut6_I2_O)        0.111     2.837 r  u_fir_filter/filter_out3__561_carry__3_i_5/O
                         net (fo=1, routed)           0.000     2.837    u_fir_filter/filter_out3__561_carry__3_i_5_n_0
    SLICE_X12Y28         CARRY4 (Prop_carry4_S[3]_O[3])
                                                      0.064     2.901 r  u_fir_filter/filter_out3__561_carry__3/O[3]
                         net (fo=1, routed)           0.251     3.152    u_fir_filter/filter_out3__561_carry__3_n_4
    SLICE_X11Y29         LUT3 (Prop_lut3_I1_O)        0.111     3.263 r  u_fir_filter/output_data_OBUF[4]_inst_i_1/O
                         net (fo=1, routed)           0.687     3.951    output_data_OBUF[4]
    W18                  OBUF (Prop_obuf_I_O)         1.210     5.160 r  output_data_OBUF[4]_inst/O
                         net (fo=0)                   0.000     5.160    output_data[4]
    W18                                                               r  output_data[4]
  -------------------------------------------------------------------    -------------------

Slack:                    inf
  Source:                 u_fir_filter/product_8/CLK
                            (rising edge-triggered cell DSP48E1 clocked by sys_clk_pin  {rise@0.000ns fall@5.000ns period=10.000ns})
  Destination:            output_data[3]
                            (output port)
  Path Group:             (none)
  Path Type:              Min at Fast Process Corner
  Data Path Delay:        3.712ns  (logic 2.418ns (65.138%)  route 1.294ns (34.862%))
  Logic Levels:           6  (CARRY4=2 LUT3=1 LUT4=1 LUT6=1 OBUF=1)
  Clock Uncertainty:      0.025ns  ((TSJ^2 + TIJ^2)^1/2 + DJ) / 2 + PE
    Total System Jitter     (TSJ):    0.050ns
    Total Input Jitter      (TIJ):    0.000ns
    Discrete Jitter          (DJ):    0.000ns
    Phase Error              (PE):    0.000ns

    Location             Delay type                Incr(ns)  Path(ns)    Netlist Resource(s)
  -------------------------------------------------------------------    -------------------
                         (clock sys_clk_pin rise edge)
                                                      0.000     0.000 r  <hidden>
    W5                                                0.000     0.000 r  clk
                         net (fo=0)                   0.000     0.000    clk
    W5                   IBUF (Prop_ibuf_I_O)         0.226     0.226 r  clk_IBUF_inst/O
                         net (fo=1, routed)           0.631     0.858    clk_IBUF
    BUFGCTRL_X0Y0        BUFG (Prop_bufg_I_O)         0.026     0.884 r  clk_IBUF_BUFG_inst/O
                         net (fo=14, routed)          0.643     1.527    u_fir_filter/clk_IBUF_BUFG
    DSP48_X0Y10          DSP48E1                                      r  u_fir_filter/product_8/CLK
  -------------------------------------------------------------------    -------------------
    DSP48_X0Y10          DSP48E1 (Prop_dsp48e1_CLK_P[16])
                                                      0.674     2.201 r  u_fir_filter/product_8/P[16]
                         net (fo=2, routed)           0.196     2.396    u_fir_filter/product_8_n_89
    SLICE_X10Y29         LUT4 (Prop_lut4_I1_O)        0.045     2.441 r  u_fir_filter/filter_out3__168_carry__3_i_8/O
                         net (fo=1, routed)           0.000     2.441    u_fir_filter/filter_out3__168_carry__3_i_8_n_0
    SLICE_X10Y29         CARRY4 (Prop_carry4_S[0]_O[2])
                                                      0.145     2.586 r  u_fir_filter/filter_out3__168_carry__3/O[2]
                         net (fo=2, routed)           0.212     2.798    u_fir_filter/filter_out3__168_carry__3_n_5
    SLICE_X12Y28         LUT6 (Prop_lut6_I2_O)        0.108     2.906 r  u_fir_filter/filter_out3__561_carry__3_i_6/O
                         net (fo=1, routed)           0.000     2.906    u_fir_filter/filter_out3__561_carry__3_i_6_n_0
    SLICE_X12Y28         CARRY4 (Prop_carry4_S[2]_O[2])
                                                      0.065     2.971 r  u_fir_filter/filter_out3__561_carry__3/O[2]
                         net (fo=1, routed)           0.251     3.222    u_fir_filter/filter_out3__561_carry__3_n_5
    SLICE_X11Y29         LUT3 (Prop_lut3_I1_O)        0.109     3.331 r  u_fir_filter/output_data_OBUF[3]_inst_i_1/O
                         net (fo=1, routed)           0.635     3.967    output_data_OBUF[3]
    V19                  OBUF (Prop_obuf_I_O)         1.272     5.239 r  output_data_OBUF[3]_inst/O
                         net (fo=0)                   0.000     5.239    output_data[3]
    V19                                                               r  output_data[3]
  -------------------------------------------------------------------    -------------------

Slack:                    inf
  Source:                 u_fir_filter/product_8/CLK
                            (rising edge-triggered cell DSP48E1 clocked by sys_clk_pin  {rise@0.000ns fall@5.000ns period=10.000ns})
  Destination:            output_data[2]
                            (output port)
  Path Group:             (none)
  Path Type:              Min at Fast Process Corner
  Data Path Delay:        3.762ns  (logic 2.309ns (61.385%)  route 1.453ns (38.615%))
  Logic Levels:           6  (CARRY4=2 LUT3=1 LUT4=1 LUT6=1 OBUF=1)
  Clock Uncertainty:      0.025ns  ((TSJ^2 + TIJ^2)^1/2 + DJ) / 2 + PE
    Total System Jitter     (TSJ):    0.050ns
    Total Input Jitter      (TIJ):    0.000ns
    Discrete Jitter          (DJ):    0.000ns
    Phase Error              (PE):    0.000ns

    Location             Delay type                Incr(ns)  Path(ns)    Netlist Resource(s)
  -------------------------------------------------------------------    -------------------
                         (clock sys_clk_pin rise edge)
                                                      0.000     0.000 r  <hidden>
    W5                                                0.000     0.000 r  clk
                         net (fo=0)                   0.000     0.000    clk
    W5                   IBUF (Prop_ibuf_I_O)         0.226     0.226 r  clk_IBUF_inst/O
                         net (fo=1, routed)           0.631     0.858    clk_IBUF
    BUFGCTRL_X0Y0        BUFG (Prop_bufg_I_O)         0.026     0.884 r  clk_IBUF_BUFG_inst/O
                         net (fo=14, routed)          0.643     1.527    u_fir_filter/clk_IBUF_BUFG
    DSP48_X0Y10          DSP48E1                                      r  u_fir_filter/product_8/CLK
  -------------------------------------------------------------------    -------------------
    DSP48_X0Y10          DSP48E1 (Prop_dsp48e1_CLK_P[16])
                                                      0.674     2.201 r  u_fir_filter/product_8/P[16]
                         net (fo=2, routed)           0.196     2.396    u_fir_filter/product_8_n_89
    SLICE_X10Y29         LUT4 (Prop_lut4_I1_O)        0.045     2.441 r  u_fir_filter/filter_out3__168_carry__3_i_8/O
                         net (fo=1, routed)           0.000     2.441    u_fir_filter/filter_out3__168_carry__3_i_8_n_0
    SLICE_X10Y29         CARRY4 (Prop_carry4_S[0]_O[0])
                                                      0.070     2.511 r  u_fir_filter/filter_out3__168_carry__3/O[0]
                         net (fo=2, routed)           0.270     2.781    u_fir_filter/filter_out3__168_carry__3_n_7
    SLICE_X12Y28         LUT6 (Prop_lut6_I2_O)        0.105     2.886 r  u_fir_filter/filter_out3__561_carry__3_i_8/O
                         net (fo=1, routed)           0.000     2.886    u_fir_filter/filter_out3__561_carry__3_i_8_n_0
    SLICE_X12Y28         CARRY4 (Prop_carry4_S[0]_O[1])
                                                      0.105     2.991 r  u_fir_filter/filter_out3__561_carry__3/O[1]
                         net (fo=1, routed)           0.339     3.330    u_fir_filter/filter_out3__561_carry__3_n_6
    SLICE_X11Y29         LUT3 (Prop_lut3_I1_O)        0.108     3.438 r  u_fir_filter/output_data_OBUF[2]_inst_i_1/O
                         net (fo=1, routed)           0.648     4.086    output_data_OBUF[2]
    U19                  OBUF (Prop_obuf_I_O)         1.202     5.288 r  output_data_OBUF[2]_inst/O
                         net (fo=0)                   0.000     5.288    output_data[2]
    U19                                                               r  output_data[2]
  -------------------------------------------------------------------    -------------------

Slack:                    inf
  Source:                 u_fir_filter/product_8/CLK
                            (rising edge-triggered cell DSP48E1 clocked by sys_clk_pin  {rise@0.000ns fall@5.000ns period=10.000ns})
  Destination:            output_data[1]
                            (output port)
  Path Group:             (none)
  Path Type:              Min at Fast Process Corner
  Data Path Delay:        3.777ns  (logic 2.363ns (62.554%)  route 1.414ns (37.446%))
  Logic Levels:           6  (CARRY4=2 LUT3=1 LUT4=1 LUT6=1 OBUF=1)
  Clock Uncertainty:      0.025ns  ((TSJ^2 + TIJ^2)^1/2 + DJ) / 2 + PE
    Total System Jitter     (TSJ):    0.050ns
    Total Input Jitter      (TIJ):    0.000ns
    Discrete Jitter          (DJ):    0.000ns
    Phase Error              (PE):    0.000ns

    Location             Delay type                Incr(ns)  Path(ns)    Netlist Resource(s)
  -------------------------------------------------------------------    -------------------
                         (clock sys_clk_pin rise edge)
                                                      0.000     0.000 r  <hidden>
    W5                                                0.000     0.000 r  clk
                         net (fo=0)                   0.000     0.000    clk
    W5                   IBUF (Prop_ibuf_I_O)         0.226     0.226 r  clk_IBUF_inst/O
                         net (fo=1, routed)           0.631     0.858    clk_IBUF
    BUFGCTRL_X0Y0        BUFG (Prop_bufg_I_O)         0.026     0.884 r  clk_IBUF_BUFG_inst/O
                         net (fo=14, routed)          0.643     1.527    u_fir_filter/clk_IBUF_BUFG
    DSP48_X0Y10          DSP48E1                                      r  u_fir_filter/product_8/CLK
  -------------------------------------------------------------------    -------------------
    DSP48_X0Y10          DSP48E1 (Prop_dsp48e1_CLK_P[16])
                                                      0.674     2.201 r  u_fir_filter/product_8/P[16]
                         net (fo=2, routed)           0.196     2.396    u_fir_filter/product_8_n_89
    SLICE_X10Y29         LUT4 (Prop_lut4_I1_O)        0.045     2.441 r  u_fir_filter/filter_out3__168_carry__3_i_8/O
                         net (fo=1, routed)           0.000     2.441    u_fir_filter/filter_out3__168_carry__3_i_8_n_0
    SLICE_X10Y29         CARRY4 (Prop_carry4_S[0]_O[0])
                                                      0.070     2.511 r  u_fir_filter/filter_out3__168_carry__3/O[0]
                         net (fo=2, routed)           0.270     2.781    u_fir_filter/filter_out3__168_carry__3_n_7
    SLICE_X12Y28         LUT6 (Prop_lut6_I2_O)        0.105     2.886 r  u_fir_filter/filter_out3__561_carry__3_i_8/O
                         net (fo=1, routed)           0.000     2.886    u_fir_filter/filter_out3__561_carry__3_i_8_n_0
    SLICE_X12Y28         CARRY4 (Prop_carry4_S[0]_O[0])
                                                      0.070     2.956 r  u_fir_filter/filter_out3__561_carry__3/O[0]
                         net (fo=1, routed)           0.248     3.204    u_fir_filter/filter_out3__561_carry__3_n_7
    SLICE_X13Y30         LUT3 (Prop_lut3_I1_O)        0.106     3.310 r  u_fir_filter/output_data_OBUF[1]_inst_i_1/O
                         net (fo=1, routed)           0.701     4.011    output_data_OBUF[1]
    E19                  OBUF (Prop_obuf_I_O)         1.293     5.304 r  output_data_OBUF[1]_inst/O
                         net (fo=0)                   0.000     5.304    output_data[1]
    E19                                                               r  output_data[1]
  -------------------------------------------------------------------    -------------------

Slack:                    inf
  Source:                 u_fir_filter/product_10/CLK
                            (rising edge-triggered cell DSP48E1 clocked by sys_clk_pin  {rise@0.000ns fall@5.000ns period=10.000ns})
  Destination:            output_data[6]
                            (output port)
  Path Group:             (none)
  Path Type:              Min at Fast Process Corner
  Data Path Delay:        3.892ns  (logic 2.314ns (59.460%)  route 1.578ns (40.541%))
  Logic Levels:           6  (CARRY4=2 LUT3=1 LUT4=1 LUT6=1 OBUF=1)
  Clock Uncertainty:      0.025ns  ((TSJ^2 + TIJ^2)^1/2 + DJ) / 2 + PE
    Total System Jitter     (TSJ):    0.050ns
    Total Input Jitter      (TIJ):    0.000ns
    Discrete Jitter          (DJ):    0.000ns
    Phase Error              (PE):    0.000ns

    Location             Delay type                Incr(ns)  Path(ns)    Netlist Resource(s)
  -------------------------------------------------------------------    -------------------
                         (clock sys_clk_pin rise edge)
                                                      0.000     0.000 r  <hidden>
    W5                                                0.000     0.000 r  clk
                         net (fo=0)                   0.000     0.000    clk
    W5                   IBUF (Prop_ibuf_I_O)         0.226     0.226 r  clk_IBUF_inst/O
                         net (fo=1, routed)           0.631     0.858    clk_IBUF
    BUFGCTRL_X0Y0        BUFG (Prop_bufg_I_O)         0.026     0.884 r  clk_IBUF_BUFG_inst/O
                         net (fo=14, routed)          0.648     1.532    u_fir_filter/clk_IBUF_BUFG
    DSP48_X0Y12          DSP48E1                                      r  u_fir_filter/product_10/CLK
  -------------------------------------------------------------------    -------------------
    DSP48_X0Y12          DSP48E1 (Prop_dsp48e1_CLK_P[20])
                                                      0.674     2.206 r  u_fir_filter/product_10/P[20]
                         net (fo=2, routed)           0.196     2.401    u_fir_filter/product_10_n_85
    SLICE_X10Y30         LUT4 (Prop_lut4_I0_O)        0.045     2.446 r  u_fir_filter/filter_out3__168_carry__4_i_8/O
                         net (fo=1, routed)           0.000     2.446    u_fir_filter/filter_out3__168_carry__4_i_8_n_0
    SLICE_X10Y30         CARRY4 (Prop_carry4_S[0]_O[0])
                                                      0.070     2.516 r  u_fir_filter/filter_out3__168_carry__4/O[0]
                         net (fo=2, routed)           0.226     2.742    u_fir_filter/filter_out3__168_carry__4_n_7
    SLICE_X12Y29         LUT6 (Prop_lut6_I2_O)        0.105     2.847 r  u_fir_filter/filter_out3__561_carry__4_i_8/O
                         net (fo=1, routed)           0.000     2.847    u_fir_filter/filter_out3__561_carry__4_i_8_n_0
    SLICE_X12Y29         CARRY4 (Prop_carry4_S[0]_O[1])
                                                      0.105     2.952 r  u_fir_filter/filter_out3__561_carry__4/O[1]
                         net (fo=1, routed)           0.241     3.193    u_fir_filter/filter_out3__561_carry__4_n_6
    SLICE_X11Y29         LUT3 (Prop_lut3_I1_O)        0.108     3.301 r  u_fir_filter/output_data_OBUF[6]_inst_i_1/O
                         net (fo=1, routed)           0.915     4.217    output_data_OBUF[6]
    U14                  OBUF (Prop_obuf_I_O)         1.207     5.424 r  output_data_OBUF[6]_inst/O
                         net (fo=0)                   0.000     5.424    output_data[6]
    U14                                                               r  output_data[6]
  -------------------------------------------------------------------    -------------------

Slack:                    inf
  Source:                 u_fir_filter/product_10/CLK
                            (rising edge-triggered cell DSP48E1 clocked by sys_clk_pin  {rise@0.000ns fall@5.000ns period=10.000ns})
  Destination:            output_data[7]
                            (output port)
  Path Group:             (none)
  Path Type:              Min at Fast Process Corner
  Data Path Delay:        3.900ns  (logic 2.411ns (61.815%)  route 1.489ns (38.185%))
  Logic Levels:           6  (CARRY4=2 LUT3=1 LUT4=1 LUT6=1 OBUF=1)
  Clock Uncertainty:      0.025ns  ((TSJ^2 + TIJ^2)^1/2 + DJ) / 2 + PE
    Total System Jitter     (TSJ):    0.050ns
    Total Input Jitter      (TIJ):    0.000ns
    Discrete Jitter          (DJ):    0.000ns
    Phase Error              (PE):    0.000ns

    Location             Delay type                Incr(ns)  Path(ns)    Netlist Resource(s)
  -------------------------------------------------------------------    -------------------
                         (clock sys_clk_pin rise edge)
                                                      0.000     0.000 r  <hidden>
    W5                                                0.000     0.000 r  clk
                         net (fo=0)                   0.000     0.000    clk
    W5                   IBUF (Prop_ibuf_I_O)         0.226     0.226 r  clk_IBUF_inst/O
                         net (fo=1, routed)           0.631     0.858    clk_IBUF
    BUFGCTRL_X0Y0        BUFG (Prop_bufg_I_O)         0.026     0.884 r  clk_IBUF_BUFG_inst/O
                         net (fo=14, routed)          0.648     1.532    u_fir_filter/clk_IBUF_BUFG
    DSP48_X0Y12          DSP48E1                                      r  u_fir_filter/product_10/CLK
  -------------------------------------------------------------------    -------------------
    DSP48_X0Y12          DSP48E1 (Prop_dsp48e1_CLK_P[20])
                                                      0.674     2.206 r  u_fir_filter/product_10/P[20]
                         net (fo=2, routed)           0.196     2.401    u_fir_filter/product_10_n_85
    SLICE_X10Y30         LUT4 (Prop_lut4_I0_O)        0.045     2.446 r  u_fir_filter/filter_out3__168_carry__4_i_8/O
                         net (fo=1, routed)           0.000     2.446    u_fir_filter/filter_out3__168_carry__4_i_8_n_0
    SLICE_X10Y30         CARRY4 (Prop_carry4_S[0]_O[2])
                                                      0.145     2.591 r  u_fir_filter/filter_out3__168_carry__4/O[2]
                         net (fo=2, routed)           0.176     2.767    u_fir_filter/filter_out3__168_carry__4_n_5
    SLICE_X12Y29         LUT6 (Prop_lut6_I2_O)        0.108     2.875 r  u_fir_filter/filter_out3__561_carry__4_i_6/O
                         net (fo=1, routed)           0.000     2.875    u_fir_filter/filter_out3__561_carry__4_i_6_n_0
    SLICE_X12Y29         CARRY4 (Prop_carry4_S[2]_O[2])
                                                      0.065     2.940 r  u_fir_filter/filter_out3__561_carry__4/O[2]
                         net (fo=1, routed)           0.304     3.244    u_fir_filter/filter_out3__561_carry__4_n_5
    SLICE_X11Y29         LUT3 (Prop_lut3_I1_O)        0.107     3.351 r  u_fir_filter/output_data_OBUF[7]_inst_i_1/O
                         net (fo=1, routed)           0.814     4.165    output_data_OBUF[7]
    V14                  OBUF (Prop_obuf_I_O)         1.267     5.432 r  output_data_OBUF[7]_inst/O
                         net (fo=0)                   0.000     5.432    output_data[7]
    V14                                                               r  output_data[7]
  -------------------------------------------------------------------    -------------------

Slack:                    inf
  Source:                 u_fir_filter/product_9/CLK
                            (rising edge-triggered cell DSP48E1 clocked by sys_clk_pin  {rise@0.000ns fall@5.000ns period=10.000ns})
  Destination:            output_data[0]
                            (output port)
  Path Group:             (none)
  Path Type:              Min at Fast Process Corner
  Data Path Delay:        3.922ns  (logic 2.376ns (60.585%)  route 1.546ns (39.415%))
  Logic Levels:           6  (CARRY4=2 LUT3=1 LUT4=1 LUT6=1 OBUF=1)
  Clock Uncertainty:      0.025ns  ((TSJ^2 + TIJ^2)^1/2 + DJ) / 2 + PE
    Total System Jitter     (TSJ):    0.050ns
    Total Input Jitter      (TIJ):    0.000ns
    Discrete Jitter          (DJ):    0.000ns
    Phase Error              (PE):    0.000ns

    Location             Delay type                Incr(ns)  Path(ns)    Netlist Resource(s)
  -------------------------------------------------------------------    -------------------
                         (clock sys_clk_pin rise edge)
                                                      0.000     0.000 r  <hidden>
    W5                                                0.000     0.000 r  clk
                         net (fo=0)                   0.000     0.000    clk
    W5                   IBUF (Prop_ibuf_I_O)         0.226     0.226 r  clk_IBUF_inst/O
                         net (fo=1, routed)           0.631     0.858    clk_IBUF
    BUFGCTRL_X0Y0        BUFG (Prop_bufg_I_O)         0.026     0.884 r  clk_IBUF_BUFG_inst/O
                         net (fo=14, routed)          0.645     1.529    u_fir_filter/clk_IBUF_BUFG
    DSP48_X0Y11          DSP48E1                                      r  u_fir_filter/product_9/CLK
  -------------------------------------------------------------------    -------------------
    DSP48_X0Y11          DSP48E1 (Prop_dsp48e1_CLK_P[12])
                                                      0.674     2.203 r  u_fir_filter/product_9/P[12]
                         net (fo=2, routed)           0.196     2.398    u_fir_filter/product_9_n_93
    SLICE_X10Y28         LUT4 (Prop_lut4_I2_O)        0.045     2.443 r  u_fir_filter/filter_out3__168_carry__2_i_8/O
                         net (fo=1, routed)           0.000     2.443    u_fir_filter/filter_out3__168_carry__2_i_8_n_0
    SLICE_X10Y28         CARRY4 (Prop_carry4_S[0]_O[0])
                                                      0.070     2.513 r  u_fir_filter/filter_out3__168_carry__2/O[0]
                         net (fo=2, routed)           0.178     2.692    u_fir_filter/filter_out3__168_carry__2_n_7
    SLICE_X12Y27         LUT6 (Prop_lut6_I2_O)        0.105     2.797 r  u_fir_filter/filter_out3__561_carry__2_i_8/O
                         net (fo=1, routed)           0.000     2.797    u_fir_filter/filter_out3__561_carry__2_i_8_n_0
    SLICE_X12Y27         CARRY4 (Prop_carry4_S[0]_O[3])
                                                      0.165     2.962 r  u_fir_filter/filter_out3__561_carry__2/O[3]
                         net (fo=1, routed)           0.200     3.161    u_fir_filter/filter_out3__561_carry__2_n_4
    SLICE_X13Y30         LUT3 (Prop_lut3_I1_O)        0.111     3.272 r  u_fir_filter/output_data_OBUF[0]_inst_i_1/O
                         net (fo=1, routed)           0.972     4.244    output_data_OBUF[0]
    U16                  OBUF (Prop_obuf_I_O)         1.206     5.450 r  output_data_OBUF[0]_inst/O
                         net (fo=0)                   0.000     5.450    output_data[0]
    U16                                                               r  output_data[0]
  -------------------------------------------------------------------    -------------------

Slack:                    inf
  Source:                 u_fir_filter/product_10/CLK
                            (rising edge-triggered cell DSP48E1 clocked by sys_clk_pin  {rise@0.000ns fall@5.000ns period=10.000ns})
  Destination:            output_data[8]
                            (output port)
  Path Group:             (none)
  Path Type:              Min at Fast Process Corner
  Data Path Delay:        3.938ns  (logic 2.274ns (57.755%)  route 1.663ns (42.245%))
  Logic Levels:           6  (CARRY4=2 LUT3=1 LUT4=1 LUT6=1 OBUF=1)
  Clock Uncertainty:      0.025ns  ((TSJ^2 + TIJ^2)^1/2 + DJ) / 2 + PE
    Total System Jitter     (TSJ):    0.050ns
    Total Input Jitter      (TIJ):    0.000ns
    Discrete Jitter          (DJ):    0.000ns
    Phase Error              (PE):    0.000ns

    Location             Delay type                Incr(ns)  Path(ns)    Netlist Resource(s)
  -------------------------------------------------------------------    -------------------
                         (clock sys_clk_pin rise edge)
                                                      0.000     0.000 r  <hidden>
    W5                                                0.000     0.000 r  clk
                         net (fo=0)                   0.000     0.000    clk
    W5                   IBUF (Prop_ibuf_I_O)         0.226     0.226 r  clk_IBUF_inst/O
                         net (fo=1, routed)           0.631     0.858    clk_IBUF
    BUFGCTRL_X0Y0        BUFG (Prop_bufg_I_O)         0.026     0.884 r  clk_IBUF_BUFG_inst/O
                         net (fo=14, routed)          0.648     1.532    u_fir_filter/clk_IBUF_BUFG
    DSP48_X0Y12          DSP48E1                                      r  u_fir_filter/product_10/CLK
  -------------------------------------------------------------------    -------------------
    DSP48_X0Y12          DSP48E1 (Prop_dsp48e1_CLK_P[23])
                                                      0.674     2.206 r  u_fir_filter/product_10/P[23]
                         net (fo=2, routed)           0.189     2.394    u_fir_filter/product_10_n_82
    SLICE_X10Y30         LUT4 (Prop_lut4_I0_O)        0.045     2.439 r  u_fir_filter/filter_out3__168_carry__4_i_5/O
                         net (fo=1, routed)           0.000     2.439    u_fir_filter/filter_out3__168_carry__4_i_5_n_0
    SLICE_X10Y30         CARRY4 (Prop_carry4_S[3]_O[3])
                                                      0.064     2.503 r  u_fir_filter/filter_out3__168_carry__4/O[3]
                         net (fo=2, routed)           0.245     2.748    u_fir_filter/filter_out3__168_carry__4_n_4
    SLICE_X12Y29         LUT6 (Prop_lut6_I2_O)        0.111     2.859 r  u_fir_filter/filter_out3__561_carry__4_i_5/O
                         net (fo=1, routed)           0.000     2.859    u_fir_filter/filter_out3__561_carry__4_i_5_n_0
    SLICE_X12Y29         CARRY4 (Prop_carry4_S[3]_O[3])
                                                      0.064     2.923 r  u_fir_filter/filter_out3__561_carry__4/O[3]
                         net (fo=1, routed)           0.187     3.110    u_fir_filter/filter_out3__561_carry__4_n_4
    SLICE_X14Y30         LUT3 (Prop_lut3_I1_O)        0.111     3.221 r  u_fir_filter/output_data_OBUF[8]_inst_i_1/O
                         net (fo=1, routed)           1.043     4.264    output_data_OBUF[8]
    V13                  OBUF (Prop_obuf_I_O)         1.205     5.469 r  output_data_OBUF[8]_inst/O
                         net (fo=0)                   0.000     5.469    output_data[8]
    V13                                                               r  output_data[8]
  -------------------------------------------------------------------    -------------------

Slack:                    inf
  Source:                 u_fir_filter/product_10/CLK
                            (rising edge-triggered cell DSP48E1 clocked by sys_clk_pin  {rise@0.000ns fall@5.000ns period=10.000ns})
  Destination:            output_data[5]
                            (output port)
  Path Group:             (none)
  Path Type:              Min at Fast Process Corner
  Data Path Delay:        3.963ns  (logic 2.352ns (59.338%)  route 1.611ns (40.662%))
  Logic Levels:           6  (CARRY4=2 LUT3=1 LUT4=1 LUT6=1 OBUF=1)
  Clock Uncertainty:      0.025ns  ((TSJ^2 + TIJ^2)^1/2 + DJ) / 2 + PE
    Total System Jitter     (TSJ):    0.050ns
    Total Input Jitter      (TIJ):    0.000ns
    Discrete Jitter          (DJ):    0.000ns
    Phase Error              (PE):    0.000ns

    Location             Delay type                Incr(ns)  Path(ns)    Netlist Resource(s)
  -------------------------------------------------------------------    -------------------
                         (clock sys_clk_pin rise edge)
                                                      0.000     0.000 r  <hidden>
    W5                                                0.000     0.000 r  clk
                         net (fo=0)                   0.000     0.000    clk
    W5                   IBUF (Prop_ibuf_I_O)         0.226     0.226 r  clk_IBUF_inst/O
                         net (fo=1, routed)           0.631     0.858    clk_IBUF
    BUFGCTRL_X0Y0        BUFG (Prop_bufg_I_O)         0.026     0.884 r  clk_IBUF_BUFG_inst/O
                         net (fo=14, routed)          0.648     1.532    u_fir_filter/clk_IBUF_BUFG
    DSP48_X0Y12          DSP48E1                                      r  u_fir_filter/product_10/CLK
  -------------------------------------------------------------------    -------------------
    DSP48_X0Y12          DSP48E1 (Prop_dsp48e1_CLK_P[20])
                                                      0.674     2.206 r  u_fir_filter/product_10/P[20]
                         net (fo=2, routed)           0.196     2.401    u_fir_filter/product_10_n_85
    SLICE_X10Y30         LUT4 (Prop_lut4_I0_O)        0.045     2.446 r  u_fir_filter/filter_out3__168_carry__4_i_8/O
                         net (fo=1, routed)           0.000     2.446    u_fir_filter/filter_out3__168_carry__4_i_8_n_0
    SLICE_X10Y30         CARRY4 (Prop_carry4_S[0]_O[0])
                                                      0.070     2.516 r  u_fir_filter/filter_out3__168_carry__4/O[0]
                         net (fo=2, routed)           0.226     2.742    u_fir_filter/filter_out3__168_carry__4_n_7
    SLICE_X12Y29         LUT6 (Prop_lut6_I2_O)        0.105     2.847 r  u_fir_filter/filter_out3__561_carry__4_i_8/O
                         net (fo=1, routed)           0.000     2.847    u_fir_filter/filter_out3__561_carry__4_i_8_n_0
    SLICE_X12Y29         CARRY4 (Prop_carry4_S[0]_O[0])
                                                      0.070     2.917 r  u_fir_filter/filter_out3__561_carry__4/O[0]
                         net (fo=1, routed)           0.302     3.219    u_fir_filter/filter_out3__561_carry__4_n_7
    SLICE_X11Y29         LUT3 (Prop_lut3_I1_O)        0.105     3.324 r  u_fir_filter/output_data_OBUF[5]_inst_i_1/O
                         net (fo=1, routed)           0.888     4.212    output_data_OBUF[5]
    U15                  OBUF (Prop_obuf_I_O)         1.283     5.495 r  output_data_OBUF[5]_inst/O
                         net (fo=0)                   0.000     5.495    output_data[5]
    U15                                                               r  output_data[5]
  -------------------------------------------------------------------    -------------------

Slack:                    inf
  Source:                 u_fir_filter/product_10/CLK
                            (rising edge-triggered cell DSP48E1 clocked by sys_clk_pin  {rise@0.000ns fall@5.000ns period=10.000ns})
  Destination:            output_data[10]
                            (output port)
  Path Group:             (none)
  Path Type:              Min at Fast Process Corner
  Data Path Delay:        4.090ns  (logic 2.333ns (57.053%)  route 1.756ns (42.947%))
  Logic Levels:           6  (CARRY4=2 LUT3=1 LUT4=1 LUT6=1 OBUF=1)
  Clock Uncertainty:      0.025ns  ((TSJ^2 + TIJ^2)^1/2 + DJ) / 2 + PE
    Total System Jitter     (TSJ):    0.050ns
    Total Input Jitter      (TIJ):    0.000ns
    Discrete Jitter          (DJ):    0.000ns
    Phase Error              (PE):    0.000ns

    Location             Delay type                Incr(ns)  Path(ns)    Netlist Resource(s)
  -------------------------------------------------------------------    -------------------
                         (clock sys_clk_pin rise edge)
                                                      0.000     0.000 r  <hidden>
    W5                                                0.000     0.000 r  clk
                         net (fo=0)                   0.000     0.000    clk
    W5                   IBUF (Prop_ibuf_I_O)         0.226     0.226 r  clk_IBUF_inst/O
                         net (fo=1, routed)           0.631     0.858    clk_IBUF
    BUFGCTRL_X0Y0        BUFG (Prop_bufg_I_O)         0.026     0.884 r  clk_IBUF_BUFG_inst/O
                         net (fo=14, routed)          0.648     1.532    u_fir_filter/clk_IBUF_BUFG
    DSP48_X0Y12          DSP48E1                                      r  u_fir_filter/product_10/CLK
  -------------------------------------------------------------------    -------------------
    DSP48_X0Y12          DSP48E1 (Prop_dsp48e1_CLK_P[24])
                                                      0.674     2.206 r  u_fir_filter/product_10/P[24]
                         net (fo=2, routed)           0.196     2.401    u_fir_filter/product_10_n_81
    SLICE_X10Y31         LUT4 (Prop_lut4_I0_O)        0.045     2.446 r  u_fir_filter/filter_out3__168_carry__5_i_8/O
                         net (fo=1, routed)           0.000     2.446    u_fir_filter/filter_out3__168_carry__5_i_8_n_0
    SLICE_X10Y31         CARRY4 (Prop_carry4_S[0]_O[0])
                                                      0.070     2.516 r  u_fir_filter/filter_out3__168_carry__5/O[0]
                         net (fo=2, routed)           0.226     2.742    u_fir_filter/filter_out3__168_carry__5_n_7
    SLICE_X12Y30         LUT6 (Prop_lut6_I2_O)        0.105     2.847 r  u_fir_filter/filter_out3__561_carry__5_i_8/O
                         net (fo=1, routed)           0.000     2.847    u_fir_filter/filter_out3__561_carry__5_i_8_n_0
    SLICE_X12Y30         CARRY4 (Prop_carry4_S[0]_O[1])
                                                      0.105     2.952 r  u_fir_filter/filter_out3__561_carry__5/O[1]
                         net (fo=1, routed)           0.210     3.163    u_fir_filter/filter_out3__561_carry__5_n_6
    SLICE_X14Y31         LUT3 (Prop_lut3_I1_O)        0.108     3.271 r  u_fir_filter/output_data_OBUF[10]_inst_i_1/O
                         net (fo=1, routed)           1.124     4.395    output_data_OBUF[10]
    W3                   OBUF (Prop_obuf_I_O)         1.226     5.621 r  output_data_OBUF[10]_inst/O
                         net (fo=0)                   0.000     5.621    output_data[10]
    W3                                                                r  output_data[10]
  -------------------------------------------------------------------    -------------------





--------------------------------------------------------------------------------------
Path Group:  (none)
From Clock:  
  To Clock:  sys_clk_pin

Max Delay           122 Endpoints
Min Delay           122 Endpoints
--------------------------------------------------------------------------------------


Max Delay Paths
--------------------------------------------------------------------------------------
Slack:                    inf
  Source:                 reset
                            (input port)
  Destination:            u_fir_filter/product_1/RSTA
                            (rising edge-triggered cell DSP48E1 clocked by sys_clk_pin  {rise@0.000ns fall@5.000ns period=10.000ns})
  Path Group:             (none)
  Path Type:              Setup (Max at Slow Process Corner)
  Data Path Delay:        6.583ns  (logic 1.441ns (21.894%)  route 5.142ns (78.106%))
  Logic Levels:           1  (IBUF=1)
  Clock Path Skew:        4.882ns (DCD - SCD + CPR)
    Destination Clock Delay (DCD):    4.882ns
    Source Clock Delay      (SCD):    0.000ns
    Clock Pessimism Removal (CPR):    0.000ns
  Clock Uncertainty:      0.025ns  ((TSJ^2 + TIJ^2)^1/2 + DJ) / 2 + PE
    Total System Jitter     (TSJ):    0.050ns
    Total Input Jitter      (TIJ):    0.000ns
    Discrete Jitter          (DJ):    0.000ns
    Phase Error              (PE):    0.000ns

    Location             Delay type                Incr(ns)  Path(ns)    Netlist Resource(s)
  -------------------------------------------------------------------    -------------------
    U18                                               0.000     0.000 r  reset
                         net (fo=0)                   0.000     0.000    reset
    U18                  IBUF (Prop_ibuf_I_O)         1.441     1.441 r  reset_IBUF_inst/O
                         net (fo=14, routed)          5.142     6.583    u_fir_filter/reset_IBUF
    DSP48_X0Y17          DSP48E1                                      r  u_fir_filter/product_1/RSTA
  -------------------------------------------------------------------    -------------------

                         (clock sys_clk_pin rise edge)
                                                      0.000     0.000 r  <hidden>
    W5                                                0.000     0.000 r  clk
                         net (fo=0)                   0.000     0.000    clk
    W5                   IBUF (Prop_ibuf_I_O)         1.388     1.388 r  clk_IBUF_inst/O
                         net (fo=1, routed)           1.862     3.250    clk_IBUF
    BUFGCTRL_X0Y0        BUFG (Prop_bufg_I_O)         0.091     3.341 r  clk_IBUF_BUFG_inst/O
                         net (fo=14, routed)          1.541     4.882    u_fir_filter/clk_IBUF_BUFG
    DSP48_X0Y17          DSP48E1                                      r  u_fir_filter/product_1/CLK

Slack:                    inf
  Source:                 reset
                            (input port)
  Destination:            u_fir_filter/product_15/RSTA
                            (rising edge-triggered cell DSP48E1 clocked by sys_clk_pin  {rise@0.000ns fall@5.000ns period=10.000ns})
  Path Group:             (none)
  Path Type:              Setup (Max at Slow Process Corner)
  Data Path Delay:        6.304ns  (logic 1.441ns (22.864%)  route 4.862ns (77.136%))
  Logic Levels:           1  (IBUF=1)
  Clock Path Skew:        4.881ns (DCD - SCD + CPR)
    Destination Clock Delay (DCD):    4.881ns
    Source Clock Delay      (SCD):    0.000ns
    Clock Pessimism Removal (CPR):    0.000ns
  Clock Uncertainty:      0.025ns  ((TSJ^2 + TIJ^2)^1/2 + DJ) / 2 + PE
    Total System Jitter     (TSJ):    0.050ns
    Total Input Jitter      (TIJ):    0.000ns
    Discrete Jitter          (DJ):    0.000ns
    Phase Error              (PE):    0.000ns

    Location             Delay type                Incr(ns)  Path(ns)    Netlist Resource(s)
  -------------------------------------------------------------------    -------------------
    U18                                               0.000     0.000 r  reset
                         net (fo=0)                   0.000     0.000    reset
    U18                  IBUF (Prop_ibuf_I_O)         1.441     1.441 r  reset_IBUF_inst/O
                         net (fo=14, routed)          4.862     6.304    u_fir_filter/reset_IBUF
    DSP48_X0Y16          DSP48E1                                      r  u_fir_filter/product_15/RSTA
  -------------------------------------------------------------------    -------------------

                         (clock sys_clk_pin rise edge)
                                                      0.000     0.000 r  <hidden>
    W5                                                0.000     0.000 r  clk
                         net (fo=0)                   0.000     0.000    clk
    W5                   IBUF (Prop_ibuf_I_O)         1.388     1.388 r  clk_IBUF_inst/O
                         net (fo=1, routed)           1.862     3.250    clk_IBUF
    BUFGCTRL_X0Y0        BUFG (Prop_bufg_I_O)         0.091     3.341 r  clk_IBUF_BUFG_inst/O
                         net (fo=14, routed)          1.540     4.881    u_fir_filter/clk_IBUF_BUFG
    DSP48_X0Y16          DSP48E1                                      r  u_fir_filter/product_15/CLK

Slack:                    inf
  Source:                 input_data[15]
                            (input port)
  Destination:            u_fir_filter/product_0/A[20]
                            (rising edge-triggered cell DSP48E1 clocked by sys_clk_pin  {rise@0.000ns fall@5.000ns period=10.000ns})
  Path Group:             (none)
  Path Type:              Setup (Max at Slow Process Corner)
  Data Path Delay:        6.200ns  (logic 1.456ns (23.486%)  route 4.744ns (76.514%))
  Logic Levels:           1  (IBUF=1)
  Clock Path Skew:        4.879ns (DCD - SCD + CPR)
    Destination Clock Delay (DCD):    4.879ns
    Source Clock Delay      (SCD):    0.000ns
    Clock Pessimism Removal (CPR):    0.000ns
  Clock Uncertainty:      0.025ns  ((TSJ^2 + TIJ^2)^1/2 + DJ) / 2 + PE
    Total System Jitter     (TSJ):    0.050ns
    Total Input Jitter      (TIJ):    0.000ns
    Discrete Jitter          (DJ):    0.000ns
    Phase Error              (PE):    0.000ns

    Location             Delay type                Incr(ns)  Path(ns)    Netlist Resource(s)
  -------------------------------------------------------------------    -------------------
    R2                                                0.000     0.000 r  input_data[15]
                         net (fo=0)                   0.000     0.000    input_data[15]
    R2                   IBUF (Prop_ibuf_I_O)         1.456     1.456 r  input_data_IBUF[15]_inst/O
                         net (fo=30, routed)          4.744     6.200    u_fir_filter/A[15]
    DSP48_X0Y4           DSP48E1                                      r  u_fir_filter/product_0/A[20]
  -------------------------------------------------------------------    -------------------

                         (clock sys_clk_pin rise edge)
                                                      0.000     0.000 r  <hidden>
    W5                                                0.000     0.000 r  clk
                         net (fo=0)                   0.000     0.000    clk
    W5                   IBUF (Prop_ibuf_I_O)         1.388     1.388 r  clk_IBUF_inst/O
                         net (fo=1, routed)           1.862     3.250    clk_IBUF
    BUFGCTRL_X0Y0        BUFG (Prop_bufg_I_O)         0.091     3.341 r  clk_IBUF_BUFG_inst/O
                         net (fo=14, routed)          1.538     4.879    u_fir_filter/clk_IBUF_BUFG
    DSP48_X0Y4           DSP48E1                                      r  u_fir_filter/product_0/CLK

Slack:                    inf
  Source:                 input_data[15]
                            (input port)
  Destination:            u_fir_filter/product_0/A[21]
                            (rising edge-triggered cell DSP48E1 clocked by sys_clk_pin  {rise@0.000ns fall@5.000ns period=10.000ns})
  Path Group:             (none)
  Path Type:              Setup (Max at Slow Process Corner)
  Data Path Delay:        6.200ns  (logic 1.456ns (23.486%)  route 4.744ns (76.514%))
  Logic Levels:           1  (IBUF=1)
  Clock Path Skew:        4.879ns (DCD - SCD + CPR)
    Destination Clock Delay (DCD):    4.879ns
    Source Clock Delay      (SCD):    0.000ns
    Clock Pessimism Removal (CPR):    0.000ns
  Clock Uncertainty:      0.025ns  ((TSJ^2 + TIJ^2)^1/2 + DJ) / 2 + PE
    Total System Jitter     (TSJ):    0.050ns
    Total Input Jitter      (TIJ):    0.000ns
    Discrete Jitter          (DJ):    0.000ns
    Phase Error              (PE):    0.000ns

    Location             Delay type                Incr(ns)  Path(ns)    Netlist Resource(s)
  -------------------------------------------------------------------    -------------------
    R2                                                0.000     0.000 r  input_data[15]
                         net (fo=0)                   0.000     0.000    input_data[15]
    R2                   IBUF (Prop_ibuf_I_O)         1.456     1.456 r  input_data_IBUF[15]_inst/O
                         net (fo=30, routed)          4.744     6.200    u_fir_filter/A[15]
    DSP48_X0Y4           DSP48E1                                      r  u_fir_filter/product_0/A[21]
  -------------------------------------------------------------------    -------------------

                         (clock sys_clk_pin rise edge)
                                                      0.000     0.000 r  <hidden>
    W5                                                0.000     0.000 r  clk
                         net (fo=0)                   0.000     0.000    clk
    W5                   IBUF (Prop_ibuf_I_O)         1.388     1.388 r  clk_IBUF_inst/O
                         net (fo=1, routed)           1.862     3.250    clk_IBUF
    BUFGCTRL_X0Y0        BUFG (Prop_bufg_I_O)         0.091     3.341 r  clk_IBUF_BUFG_inst/O
                         net (fo=14, routed)          1.538     4.879    u_fir_filter/clk_IBUF_BUFG
    DSP48_X0Y4           DSP48E1                                      r  u_fir_filter/product_0/CLK

Slack:                    inf
  Source:                 input_data[15]
                            (input port)
  Destination:            u_fir_filter/product_0/A[22]
                            (rising edge-triggered cell DSP48E1 clocked by sys_clk_pin  {rise@0.000ns fall@5.000ns period=10.000ns})
  Path Group:             (none)
  Path Type:              Setup (Max at Slow Process Corner)
  Data Path Delay:        6.200ns  (logic 1.456ns (23.486%)  route 4.744ns (76.514%))
  Logic Levels:           1  (IBUF=1)
  Clock Path Skew:        4.879ns (DCD - SCD + CPR)
    Destination Clock Delay (DCD):    4.879ns
    Source Clock Delay      (SCD):    0.000ns
    Clock Pessimism Removal (CPR):    0.000ns
  Clock Uncertainty:      0.025ns  ((TSJ^2 + TIJ^2)^1/2 + DJ) / 2 + PE
    Total System Jitter     (TSJ):    0.050ns
    Total Input Jitter      (TIJ):    0.000ns
    Discrete Jitter          (DJ):    0.000ns
    Phase Error              (PE):    0.000ns

    Location             Delay type                Incr(ns)  Path(ns)    Netlist Resource(s)
  -------------------------------------------------------------------    -------------------
    R2                                                0.000     0.000 r  input_data[15]
                         net (fo=0)                   0.000     0.000    input_data[15]
    R2                   IBUF (Prop_ibuf_I_O)         1.456     1.456 r  input_data_IBUF[15]_inst/O
                         net (fo=30, routed)          4.744     6.200    u_fir_filter/A[15]
    DSP48_X0Y4           DSP48E1                                      r  u_fir_filter/product_0/A[22]
  -------------------------------------------------------------------    -------------------

                         (clock sys_clk_pin rise edge)
                                                      0.000     0.000 r  <hidden>
    W5                                                0.000     0.000 r  clk
                         net (fo=0)                   0.000     0.000    clk
    W5                   IBUF (Prop_ibuf_I_O)         1.388     1.388 r  clk_IBUF_inst/O
                         net (fo=1, routed)           1.862     3.250    clk_IBUF
    BUFGCTRL_X0Y0        BUFG (Prop_bufg_I_O)         0.091     3.341 r  clk_IBUF_BUFG_inst/O
                         net (fo=14, routed)          1.538     4.879    u_fir_filter/clk_IBUF_BUFG
    DSP48_X0Y4           DSP48E1                                      r  u_fir_filter/product_0/CLK

Slack:                    inf
  Source:                 input_data[15]
                            (input port)
  Destination:            u_fir_filter/product_0/A[23]
                            (rising edge-triggered cell DSP48E1 clocked by sys_clk_pin  {rise@0.000ns fall@5.000ns period=10.000ns})
  Path Group:             (none)
  Path Type:              Setup (Max at Slow Process Corner)
  Data Path Delay:        6.200ns  (logic 1.456ns (23.486%)  route 4.744ns (76.514%))
  Logic Levels:           1  (IBUF=1)
  Clock Path Skew:        4.879ns (DCD - SCD + CPR)
    Destination Clock Delay (DCD):    4.879ns
    Source Clock Delay      (SCD):    0.000ns
    Clock Pessimism Removal (CPR):    0.000ns
  Clock Uncertainty:      0.025ns  ((TSJ^2 + TIJ^2)^1/2 + DJ) / 2 + PE
    Total System Jitter     (TSJ):    0.050ns
    Total Input Jitter      (TIJ):    0.000ns
    Discrete Jitter          (DJ):    0.000ns
    Phase Error              (PE):    0.000ns

    Location             Delay type                Incr(ns)  Path(ns)    Netlist Resource(s)
  -------------------------------------------------------------------    -------------------
    R2                                                0.000     0.000 r  input_data[15]
                         net (fo=0)                   0.000     0.000    input_data[15]
    R2                   IBUF (Prop_ibuf_I_O)         1.456     1.456 r  input_data_IBUF[15]_inst/O
                         net (fo=30, routed)          4.744     6.200    u_fir_filter/A[15]
    DSP48_X0Y4           DSP48E1                                      r  u_fir_filter/product_0/A[23]
  -------------------------------------------------------------------    -------------------

                         (clock sys_clk_pin rise edge)
                                                      0.000     0.000 r  <hidden>
    W5                                                0.000     0.000 r  clk
                         net (fo=0)                   0.000     0.000    clk
    W5                   IBUF (Prop_ibuf_I_O)         1.388     1.388 r  clk_IBUF_inst/O
                         net (fo=1, routed)           1.862     3.250    clk_IBUF
    BUFGCTRL_X0Y0        BUFG (Prop_bufg_I_O)         0.091     3.341 r  clk_IBUF_BUFG_inst/O
                         net (fo=14, routed)          1.538     4.879    u_fir_filter/clk_IBUF_BUFG
    DSP48_X0Y4           DSP48E1                                      r  u_fir_filter/product_0/CLK

Slack:                    inf
  Source:                 input_data[15]
                            (input port)
  Destination:            u_fir_filter/product_0/A[24]
                            (rising edge-triggered cell DSP48E1 clocked by sys_clk_pin  {rise@0.000ns fall@5.000ns period=10.000ns})
  Path Group:             (none)
  Path Type:              Setup (Max at Slow Process Corner)
  Data Path Delay:        6.033ns  (logic 1.456ns (24.137%)  route 4.577ns (75.863%))
  Logic Levels:           1  (IBUF=1)
  Clock Path Skew:        4.879ns (DCD - SCD + CPR)
    Destination Clock Delay (DCD):    4.879ns
    Source Clock Delay      (SCD):    0.000ns
    Clock Pessimism Removal (CPR):    0.000ns
  Clock Uncertainty:      0.025ns  ((TSJ^2 + TIJ^2)^1/2 + DJ) / 2 + PE
    Total System Jitter     (TSJ):    0.050ns
    Total Input Jitter      (TIJ):    0.000ns
    Discrete Jitter          (DJ):    0.000ns
    Phase Error              (PE):    0.000ns

    Location             Delay type                Incr(ns)  Path(ns)    Netlist Resource(s)
  -------------------------------------------------------------------    -------------------
    R2                                                0.000     0.000 r  input_data[15]
                         net (fo=0)                   0.000     0.000    input_data[15]
    R2                   IBUF (Prop_ibuf_I_O)         1.456     1.456 r  input_data_IBUF[15]_inst/O
                         net (fo=30, routed)          4.577     6.033    u_fir_filter/A[15]
    DSP48_X0Y4           DSP48E1                                      r  u_fir_filter/product_0/A[24]
  -------------------------------------------------------------------    -------------------

                         (clock sys_clk_pin rise edge)
                                                      0.000     0.000 r  <hidden>
    W5                                                0.000     0.000 r  clk
                         net (fo=0)                   0.000     0.000    clk
    W5                   IBUF (Prop_ibuf_I_O)         1.388     1.388 r  clk_IBUF_inst/O
                         net (fo=1, routed)           1.862     3.250    clk_IBUF
    BUFGCTRL_X0Y0        BUFG (Prop_bufg_I_O)         0.091     3.341 r  clk_IBUF_BUFG_inst/O
                         net (fo=14, routed)          1.538     4.879    u_fir_filter/clk_IBUF_BUFG
    DSP48_X0Y4           DSP48E1                                      r  u_fir_filter/product_0/CLK

Slack:                    inf
  Source:                 input_data[15]
                            (input port)
  Destination:            u_fir_filter/product_0/A[25]
                            (rising edge-triggered cell DSP48E1 clocked by sys_clk_pin  {rise@0.000ns fall@5.000ns period=10.000ns})
  Path Group:             (none)
  Path Type:              Setup (Max at Slow Process Corner)
  Data Path Delay:        6.033ns  (logic 1.456ns (24.137%)  route 4.577ns (75.863%))
  Logic Levels:           1  (IBUF=1)
  Clock Path Skew:        4.879ns (DCD - SCD + CPR)
    Destination Clock Delay (DCD):    4.879ns
    Source Clock Delay      (SCD):    0.000ns
    Clock Pessimism Removal (CPR):    0.000ns
  Clock Uncertainty:      0.025ns  ((TSJ^2 + TIJ^2)^1/2 + DJ) / 2 + PE
    Total System Jitter     (TSJ):    0.050ns
    Total Input Jitter      (TIJ):    0.000ns
    Discrete Jitter          (DJ):    0.000ns
    Phase Error              (PE):    0.000ns

    Location             Delay type                Incr(ns)  Path(ns)    Netlist Resource(s)
  -------------------------------------------------------------------    -------------------
    R2                                                0.000     0.000 r  input_data[15]
                         net (fo=0)                   0.000     0.000    input_data[15]
    R2                   IBUF (Prop_ibuf_I_O)         1.456     1.456 r  input_data_IBUF[15]_inst/O
                         net (fo=30, routed)          4.577     6.033    u_fir_filter/A[15]
    DSP48_X0Y4           DSP48E1                                      r  u_fir_filter/product_0/A[25]
  -------------------------------------------------------------------    -------------------

                         (clock sys_clk_pin rise edge)
                                                      0.000     0.000 r  <hidden>
    W5                                                0.000     0.000 r  clk
                         net (fo=0)                   0.000     0.000    clk
    W5                   IBUF (Prop_ibuf_I_O)         1.388     1.388 r  clk_IBUF_inst/O
                         net (fo=1, routed)           1.862     3.250    clk_IBUF
    BUFGCTRL_X0Y0        BUFG (Prop_bufg_I_O)         0.091     3.341 r  clk_IBUF_BUFG_inst/O
                         net (fo=14, routed)          1.538     4.879    u_fir_filter/clk_IBUF_BUFG
    DSP48_X0Y4           DSP48E1                                      r  u_fir_filter/product_0/CLK

Slack:                    inf
  Source:                 input_data[15]
                            (input port)
  Destination:            u_fir_filter/product_0/A[26]
                            (rising edge-triggered cell DSP48E1 clocked by sys_clk_pin  {rise@0.000ns fall@5.000ns period=10.000ns})
  Path Group:             (none)
  Path Type:              Setup (Max at Slow Process Corner)
  Data Path Delay:        6.033ns  (logic 1.456ns (24.137%)  route 4.577ns (75.863%))
  Logic Levels:           1  (IBUF=1)
  Clock Path Skew:        4.879ns (DCD - SCD + CPR)
    Destination Clock Delay (DCD):    4.879ns
    Source Clock Delay      (SCD):    0.000ns
    Clock Pessimism Removal (CPR):    0.000ns
  Clock Uncertainty:      0.025ns  ((TSJ^2 + TIJ^2)^1/2 + DJ) / 2 + PE
    Total System Jitter     (TSJ):    0.050ns
    Total Input Jitter      (TIJ):    0.000ns
    Discrete Jitter          (DJ):    0.000ns
    Phase Error              (PE):    0.000ns

    Location             Delay type                Incr(ns)  Path(ns)    Netlist Resource(s)
  -------------------------------------------------------------------    -------------------
    R2                                                0.000     0.000 r  input_data[15]
                         net (fo=0)                   0.000     0.000    input_data[15]
    R2                   IBUF (Prop_ibuf_I_O)         1.456     1.456 r  input_data_IBUF[15]_inst/O
                         net (fo=30, routed)          4.577     6.033    u_fir_filter/A[15]
    DSP48_X0Y4           DSP48E1                                      r  u_fir_filter/product_0/A[26]
  -------------------------------------------------------------------    -------------------

                         (clock sys_clk_pin rise edge)
                                                      0.000     0.000 r  <hidden>
    W5                                                0.000     0.000 r  clk
                         net (fo=0)                   0.000     0.000    clk
    W5                   IBUF (Prop_ibuf_I_O)         1.388     1.388 r  clk_IBUF_inst/O
                         net (fo=1, routed)           1.862     3.250    clk_IBUF
    BUFGCTRL_X0Y0        BUFG (Prop_bufg_I_O)         0.091     3.341 r  clk_IBUF_BUFG_inst/O
                         net (fo=14, routed)          1.538     4.879    u_fir_filter/clk_IBUF_BUFG
    DSP48_X0Y4           DSP48E1                                      r  u_fir_filter/product_0/CLK

Slack:                    inf
  Source:                 input_data[15]
                            (input port)
  Destination:            u_fir_filter/product_0/A[27]
                            (rising edge-triggered cell DSP48E1 clocked by sys_clk_pin  {rise@0.000ns fall@5.000ns period=10.000ns})
  Path Group:             (none)
  Path Type:              Setup (Max at Slow Process Corner)
  Data Path Delay:        6.033ns  (logic 1.456ns (24.137%)  route 4.577ns (75.863%))
  Logic Levels:           1  (IBUF=1)
  Clock Path Skew:        4.879ns (DCD - SCD + CPR)
    Destination Clock Delay (DCD):    4.879ns
    Source Clock Delay      (SCD):    0.000ns
    Clock Pessimism Removal (CPR):    0.000ns
  Clock Uncertainty:      0.025ns  ((TSJ^2 + TIJ^2)^1/2 + DJ) / 2 + PE
    Total System Jitter     (TSJ):    0.050ns
    Total Input Jitter      (TIJ):    0.000ns
    Discrete Jitter          (DJ):    0.000ns
    Phase Error              (PE):    0.000ns

    Location             Delay type                Incr(ns)  Path(ns)    Netlist Resource(s)
  -------------------------------------------------------------------    -------------------
    R2                                                0.000     0.000 r  input_data[15]
                         net (fo=0)                   0.000     0.000    input_data[15]
    R2                   IBUF (Prop_ibuf_I_O)         1.456     1.456 r  input_data_IBUF[15]_inst/O
                         net (fo=30, routed)          4.577     6.033    u_fir_filter/A[15]
    DSP48_X0Y4           DSP48E1                                      r  u_fir_filter/product_0/A[27]
  -------------------------------------------------------------------    -------------------

                         (clock sys_clk_pin rise edge)
                                                      0.000     0.000 r  <hidden>
    W5                                                0.000     0.000 r  clk
                         net (fo=0)                   0.000     0.000    clk
    W5                   IBUF (Prop_ibuf_I_O)         1.388     1.388 r  clk_IBUF_inst/O
                         net (fo=1, routed)           1.862     3.250    clk_IBUF
    BUFGCTRL_X0Y0        BUFG (Prop_bufg_I_O)         0.091     3.341 r  clk_IBUF_BUFG_inst/O
                         net (fo=14, routed)          1.538     4.879    u_fir_filter/clk_IBUF_BUFG
    DSP48_X0Y4           DSP48E1                                      r  u_fir_filter/product_0/CLK





Min Delay Paths
--------------------------------------------------------------------------------------
Slack:                    inf
  Source:                 u_fir_filter/product_0/ACOUT[0]
                            (internal pin)
  Destination:            u_fir_filter/product_2/ACIN[0]
                            (rising edge-triggered cell DSP48E1 clocked by sys_clk_pin  {rise@0.000ns fall@5.000ns period=10.000ns})
  Path Group:             (none)
  Path Type:              Hold (Min at Slow Process Corner)
  Data Path Delay:        0.002ns  (logic 0.000ns (0.000%)  route 0.002ns (100.000%))
  Logic Levels:           0  
  Clock Uncertainty:      0.025ns  ((TSJ^2 + TIJ^2)^1/2 + DJ) / 2 + PE
    Total System Jitter     (TSJ):    0.050ns
    Total Input Jitter      (TIJ):    0.000ns
    Discrete Jitter          (DJ):    0.000ns
    Phase Error              (PE):    0.000ns

    Location             Delay type                Incr(ns)  Path(ns)    Netlist Resource(s)
  -------------------------------------------------------------------    -------------------
    DSP48_X0Y4           DSP48E1                      0.000     0.000 r  u_fir_filter/product_0/ACOUT[0]
                         net (fo=1, routed)           0.002     0.002    u_fir_filter/product_0_n_53
    DSP48_X0Y5           DSP48E1                                      r  u_fir_filter/product_2/ACIN[0]
  -------------------------------------------------------------------    -------------------

                         (clock sys_clk_pin rise edge)
                                                      0.000     0.000 r  <hidden>
    W5                                                0.000     0.000 r  clk
                         net (fo=0)                   0.000     0.000    clk
    W5                   IBUF (Prop_ibuf_I_O)         1.458     1.458 r  clk_IBUF_inst/O
                         net (fo=1, routed)           1.967     3.425    clk_IBUF
    BUFGCTRL_X0Y0        BUFG (Prop_bufg_I_O)         0.096     3.521 r  clk_IBUF_BUFG_inst/O
                         net (fo=14, routed)          1.654     5.175    u_fir_filter/clk_IBUF_BUFG
    DSP48_X0Y5           DSP48E1                                      r  u_fir_filter/product_2/CLK

Slack:                    inf
  Source:                 u_fir_filter/product_0/ACOUT[10]
                            (internal pin)
  Destination:            u_fir_filter/product_2/ACIN[10]
                            (rising edge-triggered cell DSP48E1 clocked by sys_clk_pin  {rise@0.000ns fall@5.000ns period=10.000ns})
  Path Group:             (none)
  Path Type:              Hold (Min at Slow Process Corner)
  Data Path Delay:        0.002ns  (logic 0.000ns (0.000%)  route 0.002ns (100.000%))
  Logic Levels:           0  
  Clock Uncertainty:      0.025ns  ((TSJ^2 + TIJ^2)^1/2 + DJ) / 2 + PE
    Total System Jitter     (TSJ):    0.050ns
    Total Input Jitter      (TIJ):    0.000ns
    Discrete Jitter          (DJ):    0.000ns
    Phase Error              (PE):    0.000ns

    Location             Delay type                Incr(ns)  Path(ns)    Netlist Resource(s)
  -------------------------------------------------------------------    -------------------
    DSP48_X0Y4           DSP48E1                      0.000     0.000 r  u_fir_filter/product_0/ACOUT[10]
                         net (fo=1, routed)           0.002     0.002    u_fir_filter/product_0_n_43
    DSP48_X0Y5           DSP48E1                                      r  u_fir_filter/product_2/ACIN[10]
  -------------------------------------------------------------------    -------------------

                         (clock sys_clk_pin rise edge)
                                                      0.000     0.000 r  <hidden>
    W5                                                0.000     0.000 r  clk
                         net (fo=0)                   0.000     0.000    clk
    W5                   IBUF (Prop_ibuf_I_O)         1.458     1.458 r  clk_IBUF_inst/O
                         net (fo=1, routed)           1.967     3.425    clk_IBUF
    BUFGCTRL_X0Y0        BUFG (Prop_bufg_I_O)         0.096     3.521 r  clk_IBUF_BUFG_inst/O
                         net (fo=14, routed)          1.654     5.175    u_fir_filter/clk_IBUF_BUFG
    DSP48_X0Y5           DSP48E1                                      r  u_fir_filter/product_2/CLK

Slack:                    inf
  Source:                 u_fir_filter/product_0/ACOUT[11]
                            (internal pin)
  Destination:            u_fir_filter/product_2/ACIN[11]
                            (rising edge-triggered cell DSP48E1 clocked by sys_clk_pin  {rise@0.000ns fall@5.000ns period=10.000ns})
  Path Group:             (none)
  Path Type:              Hold (Min at Slow Process Corner)
  Data Path Delay:        0.002ns  (logic 0.000ns (0.000%)  route 0.002ns (100.000%))
  Logic Levels:           0  
  Clock Uncertainty:      0.025ns  ((TSJ^2 + TIJ^2)^1/2 + DJ) / 2 + PE
    Total System Jitter     (TSJ):    0.050ns
    Total Input Jitter      (TIJ):    0.000ns
    Discrete Jitter          (DJ):    0.000ns
    Phase Error              (PE):    0.000ns

    Location             Delay type                Incr(ns)  Path(ns)    Netlist Resource(s)
  -------------------------------------------------------------------    -------------------
    DSP48_X0Y4           DSP48E1                      0.000     0.000 r  u_fir_filter/product_0/ACOUT[11]
                         net (fo=1, routed)           0.002     0.002    u_fir_filter/product_0_n_42
    DSP48_X0Y5           DSP48E1                                      r  u_fir_filter/product_2/ACIN[11]
  -------------------------------------------------------------------    -------------------

                         (clock sys_clk_pin rise edge)
                                                      0.000     0.000 r  <hidden>
    W5                                                0.000     0.000 r  clk
                         net (fo=0)                   0.000     0.000    clk
    W5                   IBUF (Prop_ibuf_I_O)         1.458     1.458 r  clk_IBUF_inst/O
                         net (fo=1, routed)           1.967     3.425    clk_IBUF
    BUFGCTRL_X0Y0        BUFG (Prop_bufg_I_O)         0.096     3.521 r  clk_IBUF_BUFG_inst/O
                         net (fo=14, routed)          1.654     5.175    u_fir_filter/clk_IBUF_BUFG
    DSP48_X0Y5           DSP48E1                                      r  u_fir_filter/product_2/CLK

Slack:                    inf
  Source:                 u_fir_filter/product_0/ACOUT[12]
                            (internal pin)
  Destination:            u_fir_filter/product_2/ACIN[12]
                            (rising edge-triggered cell DSP48E1 clocked by sys_clk_pin  {rise@0.000ns fall@5.000ns period=10.000ns})
  Path Group:             (none)
  Path Type:              Hold (Min at Slow Process Corner)
  Data Path Delay:        0.002ns  (logic 0.000ns (0.000%)  route 0.002ns (100.000%))
  Logic Levels:           0  
  Clock Uncertainty:      0.025ns  ((TSJ^2 + TIJ^2)^1/2 + DJ) / 2 + PE
    Total System Jitter     (TSJ):    0.050ns
    Total Input Jitter      (TIJ):    0.000ns
    Discrete Jitter          (DJ):    0.000ns
    Phase Error              (PE):    0.000ns

    Location             Delay type                Incr(ns)  Path(ns)    Netlist Resource(s)
  -------------------------------------------------------------------    -------------------
    DSP48_X0Y4           DSP48E1                      0.000     0.000 r  u_fir_filter/product_0/ACOUT[12]
                         net (fo=1, routed)           0.002     0.002    u_fir_filter/product_0_n_41
    DSP48_X0Y5           DSP48E1                                      r  u_fir_filter/product_2/ACIN[12]
  -------------------------------------------------------------------    -------------------

                         (clock sys_clk_pin rise edge)
                                                      0.000     0.000 r  <hidden>
    W5                                                0.000     0.000 r  clk
                         net (fo=0)                   0.000     0.000    clk
    W5                   IBUF (Prop_ibuf_I_O)         1.458     1.458 r  clk_IBUF_inst/O
                         net (fo=1, routed)           1.967     3.425    clk_IBUF
    BUFGCTRL_X0Y0        BUFG (Prop_bufg_I_O)         0.096     3.521 r  clk_IBUF_BUFG_inst/O
                         net (fo=14, routed)          1.654     5.175    u_fir_filter/clk_IBUF_BUFG
    DSP48_X0Y5           DSP48E1                                      r  u_fir_filter/product_2/CLK

Slack:                    inf
  Source:                 u_fir_filter/product_0/ACOUT[13]
                            (internal pin)
  Destination:            u_fir_filter/product_2/ACIN[13]
                            (rising edge-triggered cell DSP48E1 clocked by sys_clk_pin  {rise@0.000ns fall@5.000ns period=10.000ns})
  Path Group:             (none)
  Path Type:              Hold (Min at Slow Process Corner)
  Data Path Delay:        0.002ns  (logic 0.000ns (0.000%)  route 0.002ns (100.000%))
  Logic Levels:           0  
  Clock Uncertainty:      0.025ns  ((TSJ^2 + TIJ^2)^1/2 + DJ) / 2 + PE
    Total System Jitter     (TSJ):    0.050ns
    Total Input Jitter      (TIJ):    0.000ns
    Discrete Jitter          (DJ):    0.000ns
    Phase Error              (PE):    0.000ns

    Location             Delay type                Incr(ns)  Path(ns)    Netlist Resource(s)
  -------------------------------------------------------------------    -------------------
    DSP48_X0Y4           DSP48E1                      0.000     0.000 r  u_fir_filter/product_0/ACOUT[13]
                         net (fo=1, routed)           0.002     0.002    u_fir_filter/product_0_n_40
    DSP48_X0Y5           DSP48E1                                      r  u_fir_filter/product_2/ACIN[13]
  -------------------------------------------------------------------    -------------------

                         (clock sys_clk_pin rise edge)
                                                      0.000     0.000 r  <hidden>
    W5                                                0.000     0.000 r  clk
                         net (fo=0)                   0.000     0.000    clk
    W5                   IBUF (Prop_ibuf_I_O)         1.458     1.458 r  clk_IBUF_inst/O
                         net (fo=1, routed)           1.967     3.425    clk_IBUF
    BUFGCTRL_X0Y0        BUFG (Prop_bufg_I_O)         0.096     3.521 r  clk_IBUF_BUFG_inst/O
                         net (fo=14, routed)          1.654     5.175    u_fir_filter/clk_IBUF_BUFG
    DSP48_X0Y5           DSP48E1                                      r  u_fir_filter/product_2/CLK

Slack:                    inf
  Source:                 u_fir_filter/product_0/ACOUT[14]
                            (internal pin)
  Destination:            u_fir_filter/product_2/ACIN[14]
                            (rising edge-triggered cell DSP48E1 clocked by sys_clk_pin  {rise@0.000ns fall@5.000ns period=10.000ns})
  Path Group:             (none)
  Path Type:              Hold (Min at Slow Process Corner)
  Data Path Delay:        0.002ns  (logic 0.000ns (0.000%)  route 0.002ns (100.000%))
  Logic Levels:           0  
  Clock Uncertainty:      0.025ns  ((TSJ^2 + TIJ^2)^1/2 + DJ) / 2 + PE
    Total System Jitter     (TSJ):    0.050ns
    Total Input Jitter      (TIJ):    0.000ns
    Discrete Jitter          (DJ):    0.000ns
    Phase Error              (PE):    0.000ns

    Location             Delay type                Incr(ns)  Path(ns)    Netlist Resource(s)
  -------------------------------------------------------------------    -------------------
    DSP48_X0Y4           DSP48E1                      0.000     0.000 r  u_fir_filter/product_0/ACOUT[14]
                         net (fo=1, routed)           0.002     0.002    u_fir_filter/product_0_n_39
    DSP48_X0Y5           DSP48E1                                      r  u_fir_filter/product_2/ACIN[14]
  -------------------------------------------------------------------    -------------------

                         (clock sys_clk_pin rise edge)
                                                      0.000     0.000 r  <hidden>
    W5                                                0.000     0.000 r  clk
                         net (fo=0)                   0.000     0.000    clk
    W5                   IBUF (Prop_ibuf_I_O)         1.458     1.458 r  clk_IBUF_inst/O
                         net (fo=1, routed)           1.967     3.425    clk_IBUF
    BUFGCTRL_X0Y0        BUFG (Prop_bufg_I_O)         0.096     3.521 r  clk_IBUF_BUFG_inst/O
                         net (fo=14, routed)          1.654     5.175    u_fir_filter/clk_IBUF_BUFG
    DSP48_X0Y5           DSP48E1                                      r  u_fir_filter/product_2/CLK

Slack:                    inf
  Source:                 u_fir_filter/product_0/ACOUT[15]
                            (internal pin)
  Destination:            u_fir_filter/product_2/ACIN[15]
                            (rising edge-triggered cell DSP48E1 clocked by sys_clk_pin  {rise@0.000ns fall@5.000ns period=10.000ns})
  Path Group:             (none)
  Path Type:              Hold (Min at Slow Process Corner)
  Data Path Delay:        0.002ns  (logic 0.000ns (0.000%)  route 0.002ns (100.000%))
  Logic Levels:           0  
  Clock Uncertainty:      0.025ns  ((TSJ^2 + TIJ^2)^1/2 + DJ) / 2 + PE
    Total System Jitter     (TSJ):    0.050ns
    Total Input Jitter      (TIJ):    0.000ns
    Discrete Jitter          (DJ):    0.000ns
    Phase Error              (PE):    0.000ns

    Location             Delay type                Incr(ns)  Path(ns)    Netlist Resource(s)
  -------------------------------------------------------------------    -------------------
    DSP48_X0Y4           DSP48E1                      0.000     0.000 r  u_fir_filter/product_0/ACOUT[15]
                         net (fo=1, routed)           0.002     0.002    u_fir_filter/product_0_n_38
    DSP48_X0Y5           DSP48E1                                      r  u_fir_filter/product_2/ACIN[15]
  -------------------------------------------------------------------    -------------------

                         (clock sys_clk_pin rise edge)
                                                      0.000     0.000 r  <hidden>
    W5                                                0.000     0.000 r  clk
                         net (fo=0)                   0.000     0.000    clk
    W5                   IBUF (Prop_ibuf_I_O)         1.458     1.458 r  clk_IBUF_inst/O
                         net (fo=1, routed)           1.967     3.425    clk_IBUF
    BUFGCTRL_X0Y0        BUFG (Prop_bufg_I_O)         0.096     3.521 r  clk_IBUF_BUFG_inst/O
                         net (fo=14, routed)          1.654     5.175    u_fir_filter/clk_IBUF_BUFG
    DSP48_X0Y5           DSP48E1                                      r  u_fir_filter/product_2/CLK

Slack:                    inf
  Source:                 u_fir_filter/product_0/ACOUT[16]
                            (internal pin)
  Destination:            u_fir_filter/product_2/ACIN[16]
                            (rising edge-triggered cell DSP48E1 clocked by sys_clk_pin  {rise@0.000ns fall@5.000ns period=10.000ns})
  Path Group:             (none)
  Path Type:              Hold (Min at Slow Process Corner)
  Data Path Delay:        0.002ns  (logic 0.000ns (0.000%)  route 0.002ns (100.000%))
  Logic Levels:           0  
  Clock Uncertainty:      0.025ns  ((TSJ^2 + TIJ^2)^1/2 + DJ) / 2 + PE
    Total System Jitter     (TSJ):    0.050ns
    Total Input Jitter      (TIJ):    0.000ns
    Discrete Jitter          (DJ):    0.000ns
    Phase Error              (PE):    0.000ns

    Location             Delay type                Incr(ns)  Path(ns)    Netlist Resource(s)
  -------------------------------------------------------------------    -------------------
    DSP48_X0Y4           DSP48E1                      0.000     0.000 r  u_fir_filter/product_0/ACOUT[16]
                         net (fo=1, routed)           0.002     0.002    u_fir_filter/product_0_n_37
    DSP48_X0Y5           DSP48E1                                      r  u_fir_filter/product_2/ACIN[16]
  -------------------------------------------------------------------    -------------------

                         (clock sys_clk_pin rise edge)
                                                      0.000     0.000 r  <hidden>
    W5                                                0.000     0.000 r  clk
                         net (fo=0)                   0.000     0.000    clk
    W5                   IBUF (Prop_ibuf_I_O)         1.458     1.458 r  clk_IBUF_inst/O
                         net (fo=1, routed)           1.967     3.425    clk_IBUF
    BUFGCTRL_X0Y0        BUFG (Prop_bufg_I_O)         0.096     3.521 r  clk_IBUF_BUFG_inst/O
                         net (fo=14, routed)          1.654     5.175    u_fir_filter/clk_IBUF_BUFG
    DSP48_X0Y5           DSP48E1                                      r  u_fir_filter/product_2/CLK

Slack:                    inf
  Source:                 u_fir_filter/product_0/ACOUT[17]
                            (internal pin)
  Destination:            u_fir_filter/product_2/ACIN[17]
                            (rising edge-triggered cell DSP48E1 clocked by sys_clk_pin  {rise@0.000ns fall@5.000ns period=10.000ns})
  Path Group:             (none)
  Path Type:              Hold (Min at Slow Process Corner)
  Data Path Delay:        0.002ns  (logic 0.000ns (0.000%)  route 0.002ns (100.000%))
  Logic Levels:           0  
  Clock Uncertainty:      0.025ns  ((TSJ^2 + TIJ^2)^1/2 + DJ) / 2 + PE
    Total System Jitter     (TSJ):    0.050ns
    Total Input Jitter      (TIJ):    0.000ns
    Discrete Jitter          (DJ):    0.000ns
    Phase Error              (PE):    0.000ns

    Location             Delay type                Incr(ns)  Path(ns)    Netlist Resource(s)
  -------------------------------------------------------------------    -------------------
    DSP48_X0Y4           DSP48E1                      0.000     0.000 r  u_fir_filter/product_0/ACOUT[17]
                         net (fo=1, routed)           0.002     0.002    u_fir_filter/product_0_n_36
    DSP48_X0Y5           DSP48E1                                      r  u_fir_filter/product_2/ACIN[17]
  -------------------------------------------------------------------    -------------------

                         (clock sys_clk_pin rise edge)
                                                      0.000     0.000 r  <hidden>
    W5                                                0.000     0.000 r  clk
                         net (fo=0)                   0.000     0.000    clk
    W5                   IBUF (Prop_ibuf_I_O)         1.458     1.458 r  clk_IBUF_inst/O
                         net (fo=1, routed)           1.967     3.425    clk_IBUF
    BUFGCTRL_X0Y0        BUFG (Prop_bufg_I_O)         0.096     3.521 r  clk_IBUF_BUFG_inst/O
                         net (fo=14, routed)          1.654     5.175    u_fir_filter/clk_IBUF_BUFG
    DSP48_X0Y5           DSP48E1                                      r  u_fir_filter/product_2/CLK

Slack:                    inf
  Source:                 u_fir_filter/product_0/ACOUT[18]
                            (internal pin)
  Destination:            u_fir_filter/product_2/ACIN[18]
                            (rising edge-triggered cell DSP48E1 clocked by sys_clk_pin  {rise@0.000ns fall@5.000ns period=10.000ns})
  Path Group:             (none)
  Path Type:              Hold (Min at Slow Process Corner)
  Data Path Delay:        0.002ns  (logic 0.000ns (0.000%)  route 0.002ns (100.000%))
  Logic Levels:           0  
  Clock Uncertainty:      0.025ns  ((TSJ^2 + TIJ^2)^1/2 + DJ) / 2 + PE
    Total System Jitter     (TSJ):    0.050ns
    Total Input Jitter      (TIJ):    0.000ns
    Discrete Jitter          (DJ):    0.000ns
    Phase Error              (PE):    0.000ns

    Location             Delay type                Incr(ns)  Path(ns)    Netlist Resource(s)
  -------------------------------------------------------------------    -------------------
    DSP48_X0Y4           DSP48E1                      0.000     0.000 r  u_fir_filter/product_0/ACOUT[18]
                         net (fo=1, routed)           0.002     0.002    u_fir_filter/product_0_n_35
    DSP48_X0Y5           DSP48E1                                      r  u_fir_filter/product_2/ACIN[18]
  -------------------------------------------------------------------    -------------------

                         (clock sys_clk_pin rise edge)
                                                      0.000     0.000 r  <hidden>
    W5                                                0.000     0.000 r  clk
                         net (fo=0)                   0.000     0.000    clk
    W5                   IBUF (Prop_ibuf_I_O)         1.458     1.458 r  clk_IBUF_inst/O
                         net (fo=1, routed)           1.967     3.425    clk_IBUF
    BUFGCTRL_X0Y0        BUFG (Prop_bufg_I_O)         0.096     3.521 r  clk_IBUF_BUFG_inst/O
                         net (fo=14, routed)          1.654     5.175    u_fir_filter/clk_IBUF_BUFG
    DSP48_X0Y5           DSP48E1                                      r  u_fir_filter/product_2/CLK





